Match_No,Match,Team,Bowler,Over,Balls,Deliveries,Maiden,Run,Wicket,ECON,0s,4s,6s,WD,NB
1,CSK vs GT,GT,Shami,4,0,24,0,29,2,7.25,13,2,2,0,1
1,CSK vs GT,GT,Hardik Pandya (c),3,0,18,0,28,0,9.33,6,2,2,0,0
1,CSK vs GT,GT,Joshua Little,4,0,24,0,41,1,10.25,10,4,3,0,0
1,CSK vs GT,GT,Rashid Khan,4,0,24,0,26,2,6.50,10,2,1,0,0
1,CSK vs GT,GT,Alzarri Joseph,4,0,24,0,33,2,8.25,8,0,3,0,0
1,CSK vs GT,GT,Yash Dayal,1,0,6,0,14,0,14.00,2,0,2,0,0
1,CSK vs GT,CSK,Deepak Chahar,4,0,24,0,29,0,7.25,9,1,2,0,0
1,CSK vs GT,CSK,Tushar Deshpande,3,2,20,0,51,1,15.30,5,4,4,1,1
1,CSK vs GT,CSK,Rajvardhan Hangargekar,4,0,24,0,36,3,9.00,10,4,1,3,1
1,CSK vs GT,CSK,Mitchell Santner,4,0,24,0,32,0,8.00,7,5,0,0,0
1,CSK vs GT,CSK,Ravindra Jadeja,4,0,24,0,28,1,7.00,9,1,1,0,0
2,PK vs KKR,KKR,Umesh,4,0,24,0,27,1,6.75,11,2,1,0,0
2,PK vs KKR,KKR,Southee,4,0,24,0,54,2,13.50,7,6,3,0,0
2,PK vs KKR,KKR,Narine,4,0,24,0,40,1,10.00,8,3,2,1,0
2,PK vs KKR,KKR,Chakaravarthy,4,0,24,0,26,1,6.50,10,2,1,1,0
2,PK vs KKR,KKR,Thakur,4,0,24,0,43,0,10.75,7,4,2,0,1
2,PK vs KKR,PK,Sam Curran,3,0,18,0,38,1,12.66,4,3,3,0,0
2,PK vs KKR,PK,Arshdeep Singh,3,0,18,0,19,3,6.33,10,2,1,0,0
2,PK vs KKR,PK,Nathan Ellis,3,0,18,0,27,1,9.00,8,2,1,0,2
2,PK vs KKR,PK,Sikandar Raza,3,0,18,0,25,1,8.33,5,3,0,1,0
2,PK vs KKR,PK,Rishi Dhawan,1,0,6,0,15,0,15.00,2,2,1,0,0
2,PK vs KKR,PK,Rahul Chahar,2,0,12,0,12,1,6.00,5,0,1,0,0
2,PK vs KKR,PK,Harpreet Brar,1,0,6,0,7,0,7.00,3,1,0,0,0
3,LSG vs DC,DC,Khaleel Ahmed,4,0,24,0,30,2,7.50,15,3,2,1,0
3,LSG vs DC,DC,Mukesh Kumar,4,0,24,0,34,0,8.50,5,0,2,1,0
3,LSG vs DC,DC,Chetan Sakariya,4,0,24,0,53,2,13.25,8,1,6,3,0
3,LSG vs DC,DC,Axar,4,0,24,0,38,1,9.50,8,1,3,0,0
3,LSG vs DC,DC,Kuldeep Yadav,4,0,24,0,35,1,8.75,7,0,3,0,0
3,LSG vs DC,LSG,Kyle Mayers,1,0,6,0,7,0,7.00,3,1,0,1,0
3,LSG vs DC,LSG,Jaydev Unadkat,3,0,18,0,39,0,13.00,3,5,0,2,0
3,LSG vs DC,LSG,Krishnappa Gowtham,4,0,24,0,23,0,5.75,9,2,0,1,0
3,LSG vs DC,LSG,Avesh Khan,4,0,24,0,29,2,7.25,12,3,1,0,0
3,LSG vs DC,LSG,Mark Wood,4,0,24,0,14,5,3.50,17,1,0,1,1
3,LSG vs DC,LSG,Ravi Bishnoi,4,0,24,0,31,2,7.75,8,3,1,0,0
4,RR vs SRH,SRH,Bhuvneshwar (c),3,0,18,0,36,0,12.00,6,4,2,1,0
4,RR vs SRH,SRH,Fazalhaq Farooqi,4,0,24,0,41,2,10.25,11,7,0,0,0
4,RR vs SRH,SRH,Washington Sundar,3,0,18,0,32,0,10.66,5,1,3,0,0
4,RR vs SRH,SRH,T Natarajan,3,0,18,0,23,2,7.66,7,4,0,0,0
4,RR vs SRH,SRH,Adil Rashid,4,0,24,0,33,0,8.25,6,1,2,0,0
4,RR vs SRH,SRH,Umran Malik,3,0,18,0,32,1,10.66,4,4,1,1,0
4,RR vs SRH,RR,Trent Boult,4,0,24,1,21,2,5.25,15,2,1,0,0
4,RR vs SRH,RR,KM Asif,3,0,18,0,15,0,5.00,9,1,0,1,0
4,RR vs SRH,RR,Jason Holder,3,0,18,0,16,1,5.33,10,1,1,0,0
4,RR vs SRH,RR,Ravichandran Ashwin,4,0,24,0,27,1,6.75,10,1,1,2,0
4,RR vs SRH,RR,Yuzvendra Chahal,4,0,24,0,17,4,4.25,11,0,0,0,0
4,RR vs SRH,RR,Navdeep Saini,2,0,12,0,34,0,17.00,3,3,2,0,3
5,MI vs RCB,RCB,Siraj,4,0,24,0,21,1,5.25,16,2,0,6,0
5,MI vs RCB,RCB,R Topley,2,0,12,0,14,1,7.00,7,3,0,0,0
5,MI vs RCB,RCB,Akash Deep,3,0,18,0,29,1,9.66,7,2,2,0,0
5,MI vs RCB,RCB,Harshal Patel,4,0,24,0,43,1,10.75,6,3,2,1,1
5,MI vs RCB,RCB,Karn Sharma,4,0,24,0,32,2,8.00,7,1,2,1,0
5,MI vs RCB,RCB,M Bracewell,2,0,12,0,16,1,8.00,6,3,0,0,0
5,MI vs RCB,RCB,Maxwell,1,0,6,0,16,0,16.00,0,1,1,1,0
5,MI vs RCB,MI,Jason Behrendorff,3,0,18,0,37,0,12.33,6,3,3,0,0
5,MI vs RCB,MI,Arshad Khan,2,2,14,0,28,1,12.00,7,2,2,4,0
5,MI vs RCB,MI,Jofra Archer,4,0,24,0,33,0,8.25,10,2,2,0,0
5,MI vs RCB,MI,Piyush Chawla,4,0,24,0,26,0,6.50,11,2,1,0,0
5,MI vs RCB,MI,Cameron Green,2,0,12,0,30,1,15.00,4,2,3,0,0
5,MI vs RCB,MI,Hrithik Shokeen,1,0,6,0,17,0,17.00,0,0,2,0,0
6,CSK vs LSG,LSG,K Mayers,2,0,12,0,16,0,8.00,1,1,0,1,0
6,CSK vs LSG,LSG,Avesh Khan,3,0,18,0,39,1,13.00,4,6,0,1,0
6,CSK vs LSG,LSG,Krunal Pandya,2,0,12,0,21,0,10.50,4,1,2,0,0
6,CSK vs LSG,LSG,K Gowtham,1,0,6,0,20,0,20.00,2,0,3,0,0
6,CSK vs LSG,LSG,Mark Wood,4,0,24,0,49,3,12.25,9,3,5,0,0
6,CSK vs LSG,LSG,Yash Thakur,4,0,24,0,36,0,9.00,4,3,1,0,1
6,CSK vs LSG,LSG,Ravi Bishnoi,4,0,24,0,28,3,7.00,13,1,2,1,0
6,CSK vs LSG,CSK,Deepak Chahar,4,0,24,0,55,0,13.75,6,7,1,5,0
6,CSK vs LSG,CSK,Ben Stokes,1,0,6,0,18,0,18.00,0,2,1,0,0
6,CSK vs LSG,CSK,Tushar Deshpande,4,0,24,0,45,2,11.25,7,2,2,4,3
6,CSK vs LSG,CSK,Moeen Ali,4,0,24,0,26,4,6.50,10,0,1,1,0
6,CSK vs LSG,CSK,Mitchell Santner,4,0,24,0,21,1,5.25,9,0,1,0,0
6,CSK vs LSG,CSK,RS Hangargekar,2,0,12,0,24,0,12.00,4,2,1,3,0
6,CSK vs LSG,CSK,Ravindra Jadeja,1,0,6,0,14,0,14.00,2,0,2,0,0
7,DC vs GT,GT,Shami,4,0,24,0,41,3,10.25,15,5,1,4,0
7,DC vs GT,GT,Joshua Little,4,0,24,0,27,0,6.75,11,2,1,0,0
7,DC vs GT,GT,Hardik Pandya (c),3,0,18,0,18,0,6.00,6,2,0,0,0
7,DC vs GT,GT,Alzarri Joseph,4,0,24,0,29,2,7.25,13,3,1,1,0
7,DC vs GT,GT,Yash Dayal,1,0,6,0,12,0,12.00,0,0,1,0,0
7,DC vs GT,GT,Rashid Khan,4,0,24,0,31,3,7.75,9,2,2,0,0
7,DC vs GT,DC,Khaleel Ahmed,4,0,24,0,38,1,9.50,9,5,1,1,0
7,DC vs GT,DC,Mukesh Kumar,4,0,24,0,42,0,10.50,8,5,2,1,0
7,DC vs GT,DC,Anrich Nortje,4,0,24,0,39,2,9.75,9,3,2,0,2
7,DC vs GT,DC,Mitchell Marsh,3,1,19,0,24,1,7.57,4,1,0,1,0
7,DC vs GT,DC,Kuldeep Yadav,3,0,18,0,18,0,6.00,5,1,0,1,0
8,PK vs RR,RR,Boult,4,0,24,0,38,0,9.50,8,3,2,1,0
8,PK vs RR,RR,KM Asif,4,0,24,0,54,0,13.50,7,5,3,3,1
8,PK vs RR,RR,Ashwin,4,0,24,0,25,1,6.25,7,2,0,1,0
8,PK vs RR,RR,Holder,4,0,24,0,29,2,7.25,7,2,1,0,0
8,PK vs RR,RR,Chahal,4,0,24,0,50,1,12.50,5,7,1,1,0
8,PK vs RR,PK,Sam Curran,4,0,24,0,44,0,11.00,7,3,3,0,0
8,PK vs RR,PK,Arshdeep Singh,4,0,24,0,47,2,11.75,10,4,3,3,0
8,PK vs RR,PK,Harpreet Brar,2,0,12,0,15,0,7.50,5,2,0,0,0
8,PK vs RR,PK,Nathan Ellis,4,0,24,0,30,4,7.50,11,2,2,0,0
8,PK vs RR,PK,Rahul Chahar,4,0,24,0,31,0,7.75,5,1,1,0,0
8,PK vs RR,PK,Sikandar Raza,2,0,12,0,24,0,12.00,2,1,1,2,0
9,KKR vs RCB,RCB,Siraj,4,0,24,0,44,1,11.00,13,6,1,3,1
9,KKR vs RCB,RCB,Willey,4,0,24,1,16,2,4.00,15,2,0,1,0
9,KKR vs RCB,RCB,Akash Deep,2,0,12,0,30,0,15.00,4,2,2,1,2
9,KKR vs RCB,RCB,M Bracewell,3,0,18,0,34,1,11.33,3,1,3,0,0
9,KKR vs RCB,RCB,Shahbaz Ahmed,1,0,6,0,6,0,6.00,3,1,0,0,0
9,KKR vs RCB,RCB,Karn Sharma,3,0,18,0,26,2,8.66,6,2,1,0,0
9,KKR vs RCB,RCB,Harshal Patel,3,0,18,0,38,1,12.66,5,4,2,1,0
9,KKR vs RCB,KKR,Umesh Yadav,2,0,12,0,17,0,8.50,5,3,0,0,0
9,KKR vs RCB,KKR,Tim Southee,2,0,12,0,25,0,12.50,5,2,2,0,0
9,KKR vs RCB,KKR,Sunil Narine,4,0,24,0,16,2,4.00,12,1,0,0,0
9,KKR vs RCB,KKR,Varun Chakaravarthy,3,4,22,0,15,4,4.09,13,2,0,0,0
9,KKR vs RCB,KKR,Suyash Sharma,4,0,24,0,30,3,7.50,11,2,2,1,0
9,KKR vs RCB,KKR,Shardul Thakur,2,0,12,0,15,1,7.50,4,2,0,0,0
10,SRH vs LSG,LSG,K Mayers,1,0,6,0,5,0,5.00,1,0,0,0,0
10,SRH vs LSG,LSG,Jaydev Unadkat,3,0,18,0,26,0,8.66,9,0,3,1,0
10,SRH vs LSG,LSG,Krunal Pandya,4,0,24,0,18,3,4.50,15,3,0,0,0
10,SRH vs LSG,LSG,Yash Thakur,3,0,18,0,23,1,7.66,6,3,0,0,0
10,SRH vs LSG,LSG,Ravi Bishnoi,4,0,24,0,16,1,4.00,10,0,0,1,0
10,SRH vs LSG,LSG,Deepak Hooda,1,0,6,0,8,0,8.00,1,1,0,0,0
10,SRH vs LSG,LSG,Amit Mishra,4,0,24,0,23,2,5.75,10,3,0,0,0
10,SRH vs LSG,SRH,Bhuvneshwar Kumar,2,0,12,0,19,1,9.50,7,1,1,1,0
10,SRH vs LSG,SRH,Washington Sundar,1,0,6,0,11,0,11.00,1,2,0,0,0
10,SRH vs LSG,SRH,Fazalhaq Farooqi,3,0,18,0,13,1,4.33,12,2,0,1,0
10,SRH vs LSG,SRH,Aiden Markram (c),2,0,12,0,14,0,7.00,5,2,0,0,0
10,SRH vs LSG,SRH,Adil Rashid,3,0,18,0,23,2,7.66,8,2,1,0,0
10,SRH vs LSG,SRH,T Natarajan,3,0,18,0,23,0,7.66,7,1,1,1,0
10,SRH vs LSG,SRH,Umran Malik,2,0,12,0,22,1,11.00,7,3,0,2,0
11,RR vs DC,DC,Khaleel Ahmed,2,0,12,0,31,0,15.50,3,6,0,2,0
11,RR vs DC,DC,Nortje,4,0,24,0,44,0,11.00,10,6,2,0,0
11,RR vs DC,DC,Mukesh Kumar,4,0,24,0,36,2,9.00,8,3,2,0,0
11,RR vs DC,DC,Axar,4,0,24,0,38,0,9.50,6,5,1,0,0
11,RR vs DC,DC,Kuldeep Yadav,4,0,24,0,31,1,7.75,8,2,1,0,0
11,RR vs DC,DC,Rovman Powell,2,0,12,0,18,1,9.00,4,1,1,1,1
11,RR vs DC,RR,Trent Boult,4,0,24,1,29,3,7.25,11,5,0,0,0
11,RR vs DC,RR,Sandeep Sharma,4,0,24,0,20,1,5.00,11,2,0,1,0
11,RR vs DC,RR,Ravichandran Ashwin,4,0,24,0,25,2,6.25,10,2,0,3,0
11,RR vs DC,RR,Jason Holder,3,0,18,0,28,0,9.33,4,4,0,1,0
11,RR vs DC,RR,Yuzvendra Chahal,4,0,24,0,27,3,6.75,8,2,0,2,0
11,RR vs DC,RR,Murugan Ashwin,1,0,6,0,11,0,11.00,0,0,0,0,1
12,MI vs CSK,CSK,D Chahar,1,0,6,0,10,0,10.00,2,2,0,0,0
12,MI vs CSK,CSK,Tushar Deshpande,3,0,18,0,31,2,10.33,9,2,3,1,0
12,MI vs CSK,CSK,Magala,4,0,24,0,37,1,9.25,4,5,0,0,0
12,MI vs CSK,CSK,Santner,4,0,24,0,28,2,7.00,6,3,0,0,0
12,MI vs CSK,CSK,Ravindra Jadeja,4,0,24,0,20,3,5.00,9,0,1,0,0
12,MI vs CSK,CSK,Pretorius,4,0,24,0,28,0,7.00,9,3,0,4,0
12,MI vs CSK,MI,Jason Behrendorff,3,0,18,0,24,1,8.00,9,2,1,1,0
12,MI vs CSK,MI,Arshad Khan,2,1,13,0,35,0,16.15,2,5,1,3,0
12,MI vs CSK,MI,Cameron Green,3,0,18,0,20,0,6.66,6,0,1,1,0
12,MI vs CSK,MI,Piyush Chawla,4,0,24,0,33,1,8.25,8,5,0,0,0
12,MI vs CSK,MI,Kumar Kartikeya,4,0,24,0,24,1,6.00,6,0,1,0,0
12,MI vs CSK,MI,Hrithik Shokeen,2,0,12,0,19,0,9.50,4,2,1,0,0
13,GT vs KKR,KKR,Umesh,3,0,18,0,24,0,8.00,7,4,0,1,0
13,GT vs KKR,KKR,Thakur,3,0,18,0,40,0,13.33,4,3,3,1,0
13,GT vs KKR,KKR,Lockie Ferguson,4,0,24,0,40,0,10.00,8,3,2,1,1
13,GT vs KKR,KKR,Narine,4,0,24,0,33,3,8.25,8,3,1,1,0
13,GT vs KKR,KKR,Chakaravarthy,2,0,12,0,27,0,13.50,1,2,1,1,0
13,GT vs KKR,KKR,Suyash Sharma,4,0,24,0,35,1,8.75,6,3,0,1,0
13,GT vs KKR,GT,Mohammed Shami,4,0,24,0,28,1,7.00,10,2,1,0,0
13,GT vs KKR,GT,Joshua Little,4,0,24,0,45,1,11.25,9,4,3,3,0
13,GT vs KKR,GT,Alzarri Joseph,4,0,24,0,27,2,6.75,14,2,2,0,0
13,GT vs KKR,GT,Yash Dayal,4,0,24,0,69,0,17.25,4,3,8,0,0
13,GT vs KKR,GT,Rashid Khan (c),4,0,24,0,37,3,9.25,6,4,1,0,0
14,PK vs SRH,SRH,Bhuvneshwar,4,0,24,0,33,1,8.25,13,6,0,3,0
14,PK vs SRH,SRH,Marco Jansen,3,0,18,1,16,2,5.33,14,2,1,1,0
14,PK vs SRH,SRH,T Natarajan,4,0,24,0,40,0,10.00,10,3,3,0,0
14,PK vs SRH,SRH,Washington Sundar,1,0,6,0,6,0,6.00,3,1,0,0,0
14,PK vs SRH,SRH,Markande,4,0,24,0,15,4,3.75,15,2,0,0,0
14,PK vs SRH,SRH,Umran Malik,4,0,24,0,32,2,8.00,14,3,2,1,0
14,PK vs SRH,PK,Sam Curran,3,0,18,0,14,0,4.66,8,1,0,0,0
14,PK vs SRH,PK,Arshdeep Singh,3,0,18,0,20,1,6.66,10,4,0,0,0
14,PK vs SRH,PK,Harpreet Brar,3,1,19,0,26,0,8.21,8,5,0,0,0
14,PK vs SRH,PK,Nathan Ellis,3,0,18,0,28,0,9.33,5,5,0,0,0
14,PK vs SRH,PK,Rahul Chahar,3,0,18,0,28,1,9.33,8,4,1,0,0
14,PK vs SRH,PK,Mohit Rathee,2,0,12,0,29,0,14.50,3,3,2,0,0
15,RCB vs LSG,LSG,Jaydev Unadkat,2,0,12,0,27,0,13.50,3,2,2,1,0
15,RCB vs LSG,LSG,Avesh Khan,4,0,24,0,53,0,13.25,8,5,4,0,0
15,RCB vs LSG,LSG,Krunal Pandya,4,0,24,0,35,0,8.75,5,2,2,0,0
15,RCB vs LSG,LSG,Mark Wood,4,0,24,1,32,1,8.00,12,1,3,2,0
15,RCB vs LSG,LSG,Ravi Bishnoi,4,0,24,0,39,0,9.75,5,1,3,1,0
15,RCB vs LSG,LSG,Amit Mishra,2,0,12,0,18,1,9.00,2,1,1,0,0
15,RCB vs LSG,RCB,Mohammed Siraj,4,0,24,0,22,3,5.50,16,3,0,4,0
15,RCB vs LSG,RCB,David Willey,4,0,24,0,32,0,8.00,6,2,1,1,0
15,RCB vs LSG,RCB,Wayne Parnell,4,0,24,0,41,3,10.25,6,5,1,3,0
15,RCB vs LSG,RCB,Harshal Patel,4,0,24,0,48,2,12.00,5,4,3,0,0
15,RCB vs LSG,RCB,Karn Sharma,3,0,18,0,48,1,16.00,5,3,5,1,0
15,RCB vs LSG,RCB,Shahbaz Ahmed,1,0,6,0,15,0,15.00,1,0,2,0,0
16,DC vs MI,MI,Behrendorff,3,0,18,0,23,3,7.66,8,1,2,0,0
16,DC vs MI,MI,Arshad Khan,1,0,6,0,12,0,12.00,1,2,0,1,0
16,DC vs MI,MI,Green,3,0,18,0,30,0,10.00,4,5,0,1,0
16,DC vs MI,MI,Hrithik Shokeen,4,0,24,0,43,1,10.75,10,4,2,1,1
16,DC vs MI,MI,Riley Meredith,3,4,22,0,34,2,9.27,10,5,1,0,1
16,DC vs MI,MI,Chawla,4,0,24,0,22,3,5.50,9,2,0,0,0
16,DC vs MI,MI,Tilak Varma,1,0,6,0,7,0,7.00,3,1,0,1,0
16,DC vs MI,DC,Mukesh Kumar,2,0,12,0,30,2,15.00,6,3,3,0,0
16,DC vs MI,DC,Mustafizur Rahman,4,0,24,0,38,1,9.50,11,5,2,0,0
16,DC vs MI,DC,Anrich Nortje,4,0,24,0,35,0,8.75,8,2,2,0,0
16,DC vs MI,DC,Lalit Yadav,4,0,24,0,23,0,5.75,10,1,1,1,0
16,DC vs MI,DC,Axar Patel,4,0,24,0,20,0,5.00,12,2,0,1,0
16,DC vs MI,DC,Kuldeep Yadav,2,0,12,0,23,0,11.50,2,1,2,0,0
17,RR vs CSK,CSK,Akash Singh,4,0,24,0,40,2,10.00,7,2,3,1,0
17,RR vs CSK,CSK,Tushar Deshpande,4,0,24,0,37,2,9.25,7,4,1,1,0
17,RR vs CSK,CSK,M Theekshana,4,0,24,0,42,0,10.50,4,5,1,0,0
17,RR vs CSK,CSK,Ravindra Jadeja,4,0,24,0,21,2,5.25,11,0,0,3,0
17,RR vs CSK,CSK,Moeen,2,0,12,0,21,1,10.50,3,0,2,0,0
17,RR vs CSK,CSK,Magala,2,0,12,0,14,0,7.00,2,0,0,1,0
17,RR vs CSK,RR,Sandeep Sharma,3,0,18,0,30,1,10.00,6,1,2,2,0
17,RR vs CSK,RR,Kuldeep Sen,2,0,12,0,8,0,4.00,4,0,0,0,0
17,RR vs CSK,RR,Jason Holder,3,0,18,0,37,0,12.33,4,4,2,1,0
17,RR vs CSK,RR,Adam Zampa,4,0,24,0,43,1,10.75,5,4,1,1,0
17,RR vs CSK,RR,Ravichandran Ashwin,4,0,24,0,25,2,6.25,10,1,1,2,0
17,RR vs CSK,RR,Yuzvendra Chahal,4,0,24,0,27,2,6.75,8,2,0,1,0
18,PK vs GT,GT,Shami,4,0,24,0,44,1,11.00,9,7,1,1,0
18,PK vs GT,GT,Joshua Little,4,0,24,0,31,1,7.75,11,3,1,3,0
18,PK vs GT,GT,Alzarri Joseph,4,0,24,0,32,1,8.00,11,1,2,5,0
18,PK vs GT,GT,Rashid Khan,4,0,24,0,26,1,6.50,13,3,1,0,0
18,PK vs GT,GT,Mohit Sharma,4,0,24,0,18,2,4.50,12,2,0,0,0
18,PK vs GT,PK,Arshdeep Singh,4,0,24,0,33,1,8.25,8,5,0,0,0
18,PK vs GT,PK,Kagiso Rabada,4,0,24,0,36,1,9.00,11,5,1,0,0
18,PK vs GT,PK,Harpreet Brar,4,0,24,0,20,1,5.00,8,1,0,0,0
18,PK vs GT,PK,Sam Curran,3,5,23,0,25,1,6.52,7,2,0,0,0
18,PK vs GT,PK,Rahul Chahar,3,0,18,0,24,0,8.00,4,3,0,0,0
18,PK vs GT,PK,Matthew Short,1,0,6,0,8,0,8.00,1,1,0,0,0
19,SRH vs KKR,KKR,Umesh,3,0,18,0,42,0,14.00,3,3,3,1,0
19,SRH vs KKR,KKR,Lockie Ferguson,2,0,12,0,37,0,18.50,4,5,1,1,1
19,SRH vs KKR,KKR,Narine,4,0,24,0,28,0,7.00,7,1,1,2,0
19,SRH vs KKR,KKR,Russell,2,1,13,0,22,3,10.15,4,2,1,2,0
19,SRH vs KKR,KKR,Chakaravarthy,4,0,24,0,41,1,10.25,4,3,2,1,0
19,SRH vs KKR,KKR,Suyash Sharma,4,0,24,0,44,0,11.00,8,4,3,0,0
19,SRH vs KKR,KKR,Thakur,0,5,5,0,14,0,16.80,0,3,0,0,0
19,SRH vs KKR,SRH,Bhuvneshwar Kumar,4,0,24,1,29,1,7.25,10,4,0,1,0
19,SRH vs KKR,SRH,Marco Jansen,4,0,24,0,37,2,9.25,12,1,3,4,2
19,SRH vs KKR,SRH,T Natarajan,4,0,24,0,54,1,13.50,6,6,3,1,0
19,SRH vs KKR,SRH,Umran Malik,2,0,12,0,36,1,18.00,3,4,3,0,0
19,SRH vs KKR,SRH,Mayank Markande,4,0,24,0,27,2,6.75,10,2,1,0,0
19,SRH vs KKR,SRH,Washington Sundar,2,0,12,0,20,0,10.00,2,1,1,0,0
20,RCB vs DC,DC,Nortje,4,0,24,0,31,0,7.75,9,3,0,2,1
20,RCB vs DC,DC,Axar,3,0,18,0,25,1,8.33,9,0,3,0,0
20,RCB vs DC,DC,Mustafizur,3,0,18,0,41,0,13.66,2,5,2,0,0
20,RCB vs DC,DC,Mitchell Marsh,2,0,12,0,18,2,9.00,5,2,1,0,0
20,RCB vs DC,DC,Lalit Yadav,4,0,24,0,29,1,7.25,7,0,2,1,0
20,RCB vs DC,DC,Kuldeep Yadav,4,0,24,1,23,2,5.75,10,3,0,0,0
20,RCB vs DC,RCB,Mohammed Siraj,4,0,24,0,23,2,5.75,14,4,0,0,0
20,RCB vs DC,RCB,Wayne Parnell,4,0,24,0,28,1,7.00,10,3,1,0,0
20,RCB vs DC,RCB,Vijaykumar Vyshak,4,0,24,0,20,3,5.00,11,2,0,0,0
20,RCB vs DC,RCB,Shahbaz Ahmed,1,0,6,0,11,0,11.00,0,1,0,0,0
20,RCB vs DC,RCB,Wanindu Hasaranga,3,0,18,0,37,1,12.33,4,5,1,0,0
20,RCB vs DC,RCB,Harshal Patel,4,0,24,0,32,1,8.00,7,3,0,3,0
21,LSG vs PK,PK,Matthew Short,2,0,12,0,10,0,5.00,7,0,1,0,0
21,LSG vs PK,PK,Arshdeep Singh,3,0,18,0,22,1,7.33,7,3,0,1,0
21,LSG vs PK,PK,Rabada,4,0,24,0,34,2,8.50,11,2,2,2,0
21,LSG vs PK,PK,Sam Curran (c),4,0,24,0,31,3,7.75,9,2,1,2,0
21,LSG vs PK,PK,Harpreet Brar,2,0,12,0,10,1,5.00,6,1,0,0,0
21,LSG vs PK,PK,Raza,2,0,12,0,19,1,9.50,2,2,0,0,1
21,LSG vs PK,PK,Rahul Chahar,3,0,18,0,28,0,9.33,5,1,2,1,0
21,LSG vs PK,LSG,Yudhvir Singh Charak,3,0,18,0,19,2,6.33,11,4,0,0,0
21,LSG vs PK,LSG,Avesh Khan,3,0,18,0,24,0,8.00,8,4,0,1,0
21,LSG vs PK,LSG,Mark Wood,4,0,24,0,35,2,8.75,10,2,2,2,0
21,LSG vs PK,LSG,Krishnappa Gowtham,4,0,24,0,31,1,7.75,10,1,2,1,0
21,LSG vs PK,LSG,Krunal Pandya,3,0,18,0,32,1,10.66,6,3,2,0,0
21,LSG vs PK,LSG,Ravi Bishnoi,2,3,15,0,18,2,7.20,7,2,0,1,0
22,KKR vs MI,MI,Arjun Tendulkar,2,0,12,0,17,0,8.50,6,1,1,1,0
22,KKR vs MI,MI,Green,2,0,12,0,20,1,10.00,6,1,1,2,0
22,KKR vs MI,MI,Duan Jansen,4,0,24,0,53,1,13.25,6,3,4,4,0
22,KKR vs MI,MI,Chawla,4,0,24,0,19,1,4.75,10,1,0,0,0
22,KKR vs MI,MI,Hrithik Shokeen,4,0,24,0,34,2,8.50,7,3,1,1,0
22,KKR vs MI,MI,Riley Meredith,4,0,24,0,40,1,10.00,9,3,3,0,0
22,KKR vs MI,KKR,Umesh Yadav,2,0,12,0,19,0,9.50,6,1,2,0,0
22,KKR vs MI,KKR,Shardul Thakur,2,0,12,0,25,1,12.50,2,3,1,1,0
22,KKR vs MI,KKR,Sunil Narine,3,0,18,0,41,0,13.66,4,3,3,1,0
22,KKR vs MI,KKR,Suyash Sharma,4,0,24,0,27,2,6.75,11,3,1,0,0
22,KKR vs MI,KKR,Varun Chakaravarthy,4,0,24,0,38,1,9.50,10,2,3,1,0
22,KKR vs MI,KKR,Lockie Ferguson,1,4,10,0,19,1,11.40,4,1,2,0,0
22,KKR vs MI,KKR,Andre Russell,1,0,6,0,17,0,17.00,1,2,1,0,0
23,GT vs RR,RR,Boult,4,0,24,0,46,1,11.50,6,4,2,2,0
23,GT vs RR,RR,Sandeep Sharma,4,0,24,0,25,2,6.25,10,3,0,1,0
23,GT vs RR,RR,Zampa,4,0,24,0,32,1,8.00,9,2,2,0,0
23,GT vs RR,RR,Ashwin,4,0,24,0,37,0,9.25,5,4,1,0,0
23,GT vs RR,RR,Chahal,4,0,24,0,36,1,9.00,3,0,2,1,0
23,GT vs RR,GT,Mohammed Shami,4,0,24,1,25,3,6.25,18,1,3,1,0
23,GT vs RR,GT,Hardik Pandya (c),4,0,24,0,24,1,6.00,14,3,1,0,0
23,GT vs RR,GT,Alzarri Joseph,3,0,18,0,47,0,15.66,2,3,4,0,0
23,GT vs RR,GT,Rashid Khan,4,0,24,0,46,2,11.50,7,1,5,0,0
23,GT vs RR,GT,Mohit Sharma,2,0,12,0,7,0,3.50,5,0,0,0,0
23,GT vs RR,GT,Noor Ahmad,2,2,14,0,29,1,12.42,3,2,2,1,0
24,CSK vs RCB,RCB,Siraj,4,0,24,0,30,1,7.50,10,1,2,1,0
24,CSK vs RCB,RCB,Parnell,4,0,24,0,48,1,12.00,7,3,4,0,0
24,CSK vs RCB,RCB,Vijaykumar Vyshak,4,0,24,0,62,1,15.50,3,5,5,0,0
24,CSK vs RCB,RCB,Maxwell,2,4,16,0,28,1,10.50,4,0,3,1,0
24,CSK vs RCB,RCB,W Hasaranga,2,0,12,0,21,1,10.50,1,1,1,0,0
24,CSK vs RCB,RCB,Harshal Patel,3,2,20,0,36,1,10.80,8,2,2,2,2
24,CSK vs RCB,CSK,Akash Singh,3,0,18,0,35,1,11.66,9,3,3,0,0
24,CSK vs RCB,CSK,Tushar Deshpande,4,0,24,0,45,3,11.25,9,5,2,3,0
24,CSK vs RCB,CSK,Maheesh Theekshana,4,0,24,0,41,1,10.25,4,1,3,1,0
24,CSK vs RCB,CSK,Ravindra Jadeja,4,0,24,0,37,0,9.25,3,0,3,0,0
24,CSK vs RCB,CSK,Matheesha Pathirana,4,0,24,0,42,2,10.50,9,3,3,2,0
24,CSK vs RCB,CSK,Moeen Ali,1,0,6,0,13,1,13.00,3,0,2,0,0
25,MI vs SRH,SRH,Bhuvneshwar,4,0,24,0,31,1,7.75,8,1,2,0,0
25,MI vs SRH,SRH,Marco Jansen,4,0,24,0,43,2,10.75,11,3,4,1,0
25,MI vs SRH,SRH,Washington Sundar,4,0,24,0,33,0,8.25,10,4,1,0,0
25,MI vs SRH,SRH,T Natarajan,4,0,24,0,50,1,12.50,3,7,1,0,0
25,MI vs SRH,SRH,Markande,4,0,24,0,35,0,8.75,9,4,1,1,0
25,MI vs SRH,MI,Arjun Tendulkar,2,5,17,0,18,1,6.35,9,2,0,3,0
25,MI vs SRH,MI,Jason Behrendorff,4,0,24,0,37,2,9.25,7,5,0,1,0
25,MI vs SRH,MI,Riley Meredith,4,0,24,0,33,2,8.25,10,3,1,3,0
25,MI vs SRH,MI,Hrithik Shokeen,1,0,6,0,12,0,12.00,1,0,1,0,0
25,MI vs SRH,MI,Piyush Chawla,4,0,24,0,43,2,10.75,5,4,2,0,0
25,MI vs SRH,MI,Cameron Green,4,0,24,0,29,1,7.25,9,4,0,1,0
26,LSG vs RR,RR,Boult,4,0,24,1,16,1,4.00,18,1,1,0,0
26,LSG vs RR,RR,Sandeep Sharma,4,0,24,0,32,1,8.00,8,4,0,0,1
26,LSG vs RR,RR,Ashwin,4,0,24,0,23,2,5.75,9,2,0,1,0
26,LSG vs RR,RR,Chahal,4,0,24,0,41,0,10.25,5,3,2,0,0
26,LSG vs RR,RR,Holder,4,0,24,0,38,1,9.50,7,3,2,0,0
26,LSG vs RR,LSG,Naveen-ul-Haq,4,0,24,0,19,0,4.75,11,0,1,1,0
26,LSG vs RR,LSG,Yudhvir Singh Charak,2,0,12,0,27,0,13.50,6,2,2,1,0
26,LSG vs RR,LSG,Avesh Khan,4,0,24,0,25,3,6.25,12,4,0,0,0
26,LSG vs RR,LSG,Marcus Stoinis,4,0,24,0,28,2,7.00,11,3,1,0,0
26,LSG vs RR,LSG,Ravi Bishnoi,4,0,24,0,25,0,6.25,8,2,0,0,1
26,LSG vs RR,LSG,Amit Mishra,2,0,12,0,15,0,7.50,3,2,0,0,0
27,RCB vs PK,PK,Arshdeep Singh,4,0,24,0,34,1,8.50,8,5,0,1,0
27,RCB vs PK,PK,Harpreet Brar,3,0,18,0,31,2,10.33,7,1,3,0,0
27,RCB vs PK,PK,Nathan Ellis,4,0,24,0,41,1,10.25,8,2,3,1,0
27,RCB vs PK,PK,Sam Curran (c),4,0,24,0,27,0,6.75,6,1,0,0,1
27,RCB vs PK,PK,Rahul Chahar,4,0,24,0,24,0,6.00,7,2,0,0,0
27,RCB vs PK,PK,Livingstone,1,0,6,0,9,0,9.00,0,1,0,0,0
27,RCB vs PK,RCB,Mohammed Siraj,4,0,24,0,21,4,5.25,13,3,0,0,0
27,RCB vs PK,RCB,Wayne Parnell,3,0,18,0,32,1,10.66,9,1,4,0,0
27,RCB vs PK,RCB,Wanindu Hasaranga,4,0,24,0,39,2,9.75,7,2,3,0,0
27,RCB vs PK,RCB,Vijaykumar Vyshak,3,0,18,0,29,0,9.66,6,2,2,1,0
27,RCB vs PK,RCB,Glenn Maxwell,1,0,6,0,5,0,5.00,1,0,0,0,0
27,RCB vs PK,RCB,Harshal Patel,3,2,20,0,22,1,6.60,10,1,1,1,1
28,KKR vs DC,DC,Ishant,4,0,24,0,19,2,4.75,13,2,0,1,0
28,KKR vs DC,DC,Mukesh Kumar,4,0,24,0,34,1,8.50,15,2,3,4,0
28,KKR vs DC,DC,Nortje,4,0,24,0,20,2,5.00,16,3,0,2,0
28,KKR vs DC,DC,Axar,3,0,18,0,13,2,4.33,12,2,0,0,0
28,KKR vs DC,DC,Mitchell Marsh,2,0,12,0,25,0,12.50,2,1,2,2,0
28,KKR vs DC,DC,Kuldeep Yadav,3,0,18,0,15,2,5.00,9,0,1,1,0
28,KKR vs DC,KKR,Umesh Yadav,1,0,6,0,6,0,6.00,3,1,0,0,0
28,KKR vs DC,KKR,Kulwant Khejroliya,1,2,8,0,20,0,15.00,2,3,0,0,1
28,KKR vs DC,KKR,Andre Russell,1,0,6,0,12,0,12.00,3,2,0,0,1
28,KKR vs DC,KKR,Sunil Narine,4,0,24,0,36,0,9.00,7,6,0,1,0
28,KKR vs DC,KKR,Varun Chakaravarthy,4,0,24,1,16,2,4.00,14,2,0,0,0
28,KKR vs DC,KKR,Anukul Roy,4,0,24,0,19,2,4.75,13,2,0,2,0
28,KKR vs DC,KKR,Nitish Rana (c),4,0,24,0,17,2,4.25,10,1,0,0,0
29,SRH vs CSK,CSK,Akash Singh,3,0,18,0,17,1,5.66,10,1,1,0,0
29,SRH vs CSK,CSK,Tushar Deshpande,3,0,18,0,26,0,8.66,7,4,0,1,0
29,SRH vs CSK,CSK,M Theekshana,4,0,24,0,27,1,6.75,5,2,0,0,0
29,SRH vs CSK,CSK,Moeen,2,0,12,0,18,0,9.00,2,1,1,0,0
29,SRH vs CSK,CSK,Ravindra Jadeja,4,0,24,0,22,3,5.50,8,1,0,0,0
29,SRH vs CSK,CSK,Matheesha Pathirana,4,0,24,0,22,1,5.50,9,2,0,1,0
29,SRH vs CSK,SRH,Bhuvneshwar Kumar,2,0,12,0,10,0,5.00,7,1,0,0,0
29,SRH vs CSK,SRH,Marco Jansen,3,0,18,0,37,0,12.33,5,6,1,0,0
29,SRH vs CSK,SRH,Aiden Markram (c),1,0,6,0,11,0,11.00,2,2,0,0,0
29,SRH vs CSK,SRH,Washington Sundar,2,4,16,0,16,0,6.00,4,1,0,0,0
29,SRH vs CSK,SRH,Mayank Markande,4,0,24,0,23,2,5.75,8,2,0,0,0
29,SRH vs CSK,SRH,Umran Malik,3,0,18,0,18,0,6.00,8,2,0,0,0
29,SRH vs CSK,SRH,Mayank Dagar,3,0,18,0,21,0,7.00,5,2,0,0,0
30,GT vs LSG,LSG,Naveen-ul-Haq,4,0,24,0,19,1,4.75,12,1,0,0,0
30,GT vs LSG,LSG,Krunal Pandya,4,0,24,0,16,2,4.00,13,1,0,0,0
30,GT vs LSG,LSG,Avesh Khan,3,0,18,0,21,0,7.00,6,2,0,0,0
30,GT vs LSG,LSG,Ravi Bishnoi,4,0,24,0,49,0,12.25,4,4,3,0,0
30,GT vs LSG,LSG,Stoinis,3,0,18,0,20,2,6.66,7,1,1,0,0
30,GT vs LSG,LSG,Amit Mishra,2,0,12,0,9,1,4.50,4,0,0,0,0
30,GT vs LSG,GT,Mohammed Shami,3,0,18,1,18,0,6.00,9,3,0,0,0
30,GT vs LSG,GT,Jayant Yadav,4,0,24,0,26,0,6.50,8,2,0,0,0
30,GT vs LSG,GT,Rashid Khan,4,0,24,0,33,1,8.25,9,4,1,0,0
30,GT vs LSG,GT,Mohit Sharma,3,0,18,0,17,2,5.66,5,1,0,0,0
30,GT vs LSG,GT,Noor Ahmad,4,0,24,0,18,2,4.50,13,1,0,0,0
30,GT vs LSG,GT,Hardik Pandya (c),1,0,6,0,7,0,7.00,2,1,0,0,0
30,GT vs LSG,GT,Rahul Tewatia,1,0,6,0,8,0,8.00,4,0,1,1,0
31,PK vs MI,MI,Arjun Tendulkar,3,0,18,0,48,1,16.00,4,6,2,4,1
31,PK vs MI,MI,Behrendorff,3,0,18,0,41,1,13.66,6,2,4,1,0
31,PK vs MI,MI,Green,4,0,24,0,41,2,10.25,9,2,4,0,0
31,PK vs MI,MI,Jofra Archer,4,0,24,0,42,1,10.50,8,3,3,1,0
31,PK vs MI,MI,Chawla,3,0,18,0,15,2,5.00,12,2,0,1,0
31,PK vs MI,MI,Hrithik Shokeen,3,0,18,0,24,0,8.00,7,1,1,0,1
31,PK vs MI,PK,Matthew Short,1,0,6,0,7,0,7.00,3,1,0,1,0
31,PK vs MI,PK,Arshdeep Singh,4,0,24,0,29,4,7.25,12,2,2,1,0
31,PK vs MI,PK,Harpreet Brar,2,0,12,0,15,0,7.50,5,1,1,0,0
31,PK vs MI,PK,Sam Curran (c),3,0,18,0,41,0,13.66,2,3,3,1,0
31,PK vs MI,PK,Nathan Ellis,4,0,24,0,44,1,11.00,5,2,3,0,0
31,PK vs MI,PK,Rahul Chahar,4,0,24,0,42,0,10.50,4,4,2,0,0
31,PK vs MI,PK,Liam Livingstone,2,0,12,0,23,1,11.50,2,4,0,0,0
32,RCB vs RR,RR,Boult,4,0,24,0,41,2,10.25,8,6,0,1,0
32,RCB vs RR,RR,Sandeep Sharma,4,0,24,0,49,2,12.25,9,7,2,1,0
32,RCB vs RR,RR,Ashwin,4,0,24,0,36,1,9.00,7,2,2,1,0
32,RCB vs RR,RR,Chahal,4,0,24,0,28,1,7.00,7,0,1,2,0
32,RCB vs RR,RR,Holder,4,0,24,0,32,0,8.00,6,3,1,0,0
32,RCB vs RR,RCB,Mohammed Siraj,4,0,24,0,39,1,9.75,8,4,1,3,0
32,RCB vs RR,RCB,David Willey,4,0,24,0,26,1,6.50,11,2,1,1,0
32,RCB vs RR,RCB,Vijaykumar Vyshak,2,0,12,0,24,0,12.00,4,5,0,1,0
32,RCB vs RR,RCB,Glenn Maxwell,2,0,12,0,25,0,12.50,3,2,2,0,0
32,RCB vs RR,RCB,Harshal Patel,4,0,24,0,32,3,8.00,8,3,1,1,0
32,RCB vs RR,RCB,Wanindu Hasaranga,4,0,24,0,32,0,8.00,5,2,1,0,0
33,CSK vs KKR,KKR,Umesh,3,0,18,0,35,0,11.66,7,3,3,0,0
33,CSK vs KKR,KKR,Wiese,3,0,18,0,38,0,12.66,3,3,2,0,0
33,CSK vs KKR,KKR,Chakaravarthy,4,0,24,0,49,1,12.25,8,2,5,0,0
33,CSK vs KKR,KKR,Kulwant Khejroliya,3,0,18,0,44,2,14.66,5,2,4,0,1
33,CSK vs KKR,KKR,Narine,2,0,12,0,23,0,11.50,3,1,2,0,0
33,CSK vs KKR,KKR,Suyash Sharma,4,0,24,0,29,1,7.25,8,2,1,0,0
33,CSK vs KKR,KKR,Russell,1,0,6,0,17,0,17.00,0,1,1,2,0
33,CSK vs KKR,CSK,Akash Singh,4,0,24,0,29,1,7.25,13,4,1,1,0
33,CSK vs KKR,CSK,Tushar Deshpande,4,0,24,0,43,2,10.75,12,3,3,4,0
33,CSK vs KKR,CSK,Maheesh Theekshana,4,0,24,0,32,2,8.00,8,3,1,1,0
33,CSK vs KKR,CSK,Moeen Ali,1,0,6,0,20,1,20.00,1,0,3,0,0
33,CSK vs KKR,CSK,Ravindra Jadeja,3,0,18,0,34,1,11.33,5,2,3,0,0
33,CSK vs KKR,CSK,Matheesha Pathirana,4,0,24,0,27,1,6.75,11,2,1,3,0
34,DC vs SRH,SRH,Bhuvneshwar,4,0,24,0,11,2,2.75,16,1,0,0,0
34,DC vs SRH,SRH,Marco Jansen,2,0,12,0,27,0,13.50,4,4,1,0,0
34,DC vs SRH,SRH,Washington Sundar,4,0,24,0,28,3,7.00,10,2,1,0,0
34,DC vs SRH,SRH,T Natarajan,3,0,18,0,21,1,7.00,3,2,0,0,0
34,DC vs SRH,SRH,Markande,4,0,24,0,34,0,8.50,7,4,0,1,0
34,DC vs SRH,SRH,Umran Malik,2,0,12,0,14,0,7.00,4,2,0,0,0
34,DC vs SRH,SRH,Markram (c),1,0,6,0,7,0,7.00,0,0,0,0,0
34,DC vs SRH,DC,Ishant Sharma,3,0,18,0,18,1,6.00,8,2,0,0,0
34,DC vs SRH,DC,Anrich Nortje,4,0,24,0,33,2,8.25,10,4,1,0,0
34,DC vs SRH,DC,Mukesh Kumar,3,0,18,0,27,0,9.00,4,4,0,0,0
34,DC vs SRH,DC,Axar Patel,4,0,24,0,21,2,5.25,8,1,0,0,0
34,DC vs SRH,DC,Kuldeep Yadav,4,0,24,0,22,1,5.50,6,1,0,0,0
34,DC vs SRH,DC,Mitchell Marsh,2,0,12,0,16,0,8.00,3,1,0,0,1
35,GT vs MI,MI,Arjun Tendulkar,2,0,12,0,9,1,4.50,7,0,0,0,0
35,GT vs MI,MI,Behrendorff,4,0,24,0,37,1,9.25,8,2,2,2,0
35,GT vs MI,MI,Riley Meredith,4,0,24,0,49,1,12.25,6,4,3,2,0
35,GT vs MI,MI,Green,2,0,12,0,39,0,19.50,0,2,4,0,0
35,GT vs MI,MI,Chawla,4,0,24,0,34,2,8.50,7,3,1,1,0
35,GT vs MI,MI,Kumar Kartikeya,4,0,24,0,39,1,9.75,7,3,2,0,0
35,GT vs MI,GT,Mohammed Shami,4,0,24,0,18,0,4.50,14,2,0,1,0
35,GT vs MI,GT,Hardik Pandya (c),2,0,12,0,10,1,5.00,8,0,1,0,0
35,GT vs MI,GT,Rashid Khan,4,0,24,0,27,2,6.75,10,2,1,0,0
35,GT vs MI,GT,Noor Ahmad,4,0,24,0,37,3,9.25,10,2,3,0,0
35,GT vs MI,GT,Mohit Sharma,4,0,24,0,38,2,9.50,7,1,3,0,0
35,GT vs MI,GT,Joshua Little,2,0,12,0,18,0,9.00,2,1,1,0,0
36,KKR vs RCB,RCB,Siraj,4,0,24,0,33,1,8.25,11,5,1,0,0
36,KKR vs RCB,RCB,Willey,3,0,18,0,31,0,10.33,5,4,1,1,0
36,KKR vs RCB,RCB,W Hasaranga,4,0,24,0,24,2,6.00,10,3,0,0,0
36,KKR vs RCB,RCB,Shahbaz Ahmed,1,0,6,0,25,0,25.00,1,0,4,0,0
36,KKR vs RCB,RCB,Vijaykumar Vyshak,4,0,24,0,41,2,10.25,3,2,2,3,0
36,KKR vs RCB,RCB,Harshal Patel,4,0,24,0,44,0,11.00,7,2,4,1,0
36,KKR vs RCB,KKR,Vaibhav Arora,2,0,12,0,22,0,11.00,3,3,0,1,0
36,KKR vs RCB,KKR,Umesh Yadav,1,0,6,0,19,0,19.00,0,1,2,0,0
36,KKR vs RCB,KKR,Suyash Sharma,4,0,24,0,30,2,7.50,5,3,0,1,0
36,KKR vs RCB,KKR,Varun Chakaravarthy,4,0,24,0,27,3,6.75,9,2,1,0,0
36,KKR vs RCB,KKR,Andre Russell,4,0,24,0,29,2,7.25,11,1,2,0,0
36,KKR vs RCB,KKR,Sunil Narine,4,0,24,0,41,0,10.25,2,1,2,0,0
36,KKR vs RCB,KKR,Nitish Rana (c),1,0,6,0,8,0,8.00,1,1,0,0,0
37,RR vs CSK,CSK,Akash Singh,2,0,12,0,32,0,16.00,3,6,1,0,0
37,RR vs CSK,CSK,Tushar Deshpande,4,0,24,0,42,2,10.50,10,5,2,0,0
37,RR vs CSK,CSK,M Theekshana,4,0,24,0,24,1,6.00,11,3,0,1,0
37,RR vs CSK,CSK,Ravindra Jadeja,4,0,24,0,32,1,8.00,6,2,1,1,0
37,RR vs CSK,CSK,Moeen,2,0,12,0,17,0,8.50,2,0,1,0,0
37,RR vs CSK,CSK,Matheesha Pathirana,4,0,24,0,48,0,12.00,5,5,1,2,0
37,RR vs CSK,RR,Sandeep Sharma,4,0,24,0,24,0,6.00,10,3,0,0,0
37,RR vs CSK,RR,Kuldip Yadav,3,0,18,0,18,1,6.00,4,1,0,0,0
37,RR vs CSK,RR,Jason Holder,4,0,24,0,49,0,12.25,4,4,3,1,0
37,RR vs CSK,RR,Ravichandran Ashwin,4,0,24,0,35,2,8.75,7,1,2,0,0
37,RR vs CSK,RR,Adam Zampa,3,0,18,0,22,3,7.33,7,2,1,0,0
37,RR vs CSK,RR,Yuzvendra Chahal,2,0,12,0,21,0,10.50,3,2,1,0,0
38,LSG vs PK,PK,Gurnoor Brar,3,0,18,0,42,0,14.00,7,4,3,1,2
38,LSG vs PK,PK,Arshdeep Singh,4,0,24,0,54,1,13.50,4,10,0,2,0
38,LSG vs PK,PK,Rabada,4,0,24,0,52,2,13.00,12,3,5,2,2
38,LSG vs PK,PK,Raza,1,0,6,0,17,0,17.00,2,1,2,0,0
38,LSG vs PK,PK,Rahul Chahar,4,0,24,0,29,0,7.25,8,2,1,0,0
38,LSG vs PK,PK,Sam Curran,3,0,18,0,38,1,12.66,5,4,2,0,0
38,LSG vs PK,PK,Livingstone,1,0,6,0,19,1,19.00,1,3,1,0,0
38,LSG vs PK,LSG,Marcus Stoinis,1,5,11,0,21,1,11.45,5,2,1,4,0
38,LSG vs PK,LSG,Kyle Mayers,1,0,6,0,4,0,4.00,5,1,0,0,0
38,LSG vs PK,LSG,Ayush Badoni,0,1,1,0,0,0,0.00,1,0,0,0,0
38,LSG vs PK,LSG,Naveen-ul-Haq,4,0,24,0,30,3,7.50,11,2,0,1,1
38,LSG vs PK,LSG,Avesh Khan,2,0,12,0,28,0,14.00,1,3,1,0,0
38,LSG vs PK,LSG,Amit Mishra,2,0,12,0,23,0,11.50,1,2,1,0,0
38,LSG vs PK,LSG,Ravi Bishnoi,4,0,24,0,41,2,10.25,9,4,2,0,1
38,LSG vs PK,LSG,Yash Thakur,3,5,23,0,37,4,9.65,9,3,2,1,0
38,LSG vs PK,LSG,Krunal Pandya,1,0,6,0,13,0,13.00,2,1,1,1,0
39,KKR vs GT,GT,Shami,4,0,24,0,33,3,8.25,12,3,2,0,0
39,KKR vs GT,GT,Hardik Pandya (c),3,0,18,0,34,0,11.33,9,3,3,1,0
39,KKR vs GT,GT,Rashid Khan,4,0,24,0,54,0,13.50,3,3,4,1,0
39,KKR vs GT,GT,Joshua Little,4,0,24,0,25,2,6.25,12,2,1,0,0
39,KKR vs GT,GT,Noor Ahmad,4,0,24,0,21,2,5.25,12,1,1,1,0
39,KKR vs GT,GT,Mohit Sharma,1,0,6,0,12,0,12.00,1,0,1,0,0
39,KKR vs GT,KKR,Harshit Rana,3,0,18,0,25,1,8.33,6,4,0,1,0
39,KKR vs GT,KKR,Andre Russell,3,0,18,0,29,1,9.66,6,3,1,1,0
39,KKR vs GT,KKR,Varun Chakaravarthy,4,0,24,0,42,0,10.50,7,3,3,0,0
39,KKR vs GT,KKR,Suyash Sharma,4,0,24,0,37,0,9.25,7,3,2,0,0
39,KKR vs GT,KKR,Sunil Narine,3,0,18,0,24,1,8.00,3,1,1,0,0
39,KKR vs GT,KKR,Nitish Rana (c),0,5,5,0,14,0,16.80,0,1,1,1,0
40,SRH vs DC,DC,Ishant,3,0,18,0,31,1,10.33,9,7,0,0,0
40,SRH vs DC,DC,Nortje,4,0,24,0,44,0,11.00,4,4,1,2,0
40,SRH vs DC,DC,Mukesh Kumar,2,0,12,0,38,0,19.00,2,4,2,2,1
40,SRH vs DC,DC,Mitchell Marsh,4,0,24,1,27,4,6.75,12,1,2,2,0
40,SRH vs DC,DC,Kuldeep Yadav,3,0,18,0,27,0,9.00,4,1,2,0,0
40,SRH vs DC,DC,Axar,4,0,24,0,29,1,7.25,7,0,2,2,0
40,SRH vs DC,SRH,Bhuvneshwar Kumar,4,0,24,0,45,1,11.25,5,3,2,3,0
40,SRH vs DC,SRH,Akeal Hosein,4,0,24,0,40,1,10.00,6,4,2,0,0
40,SRH vs DC,SRH,T Natarajan,4,0,24,0,34,1,8.50,4,2,1,0,0
40,SRH vs DC,SRH,Umran Malik,1,0,6,0,22,0,22.00,0,2,2,0,0
40,SRH vs DC,SRH,Mayank Markande,4,0,24,0,20,2,5.00,7,1,0,0,0
40,SRH vs DC,SRH,Abhishek Sharma,3,0,18,0,26,1,8.66,5,2,1,0,0
41,CSK vs PK,PK,Arshdeep Singh,4,0,24,0,37,1,9.25,8,5,0,3,0
41,CSK vs PK,PK,Rabada,4,0,24,0,34,0,8.50,8,4,1,1,0
41,CSK vs PK,PK,Sam Curran,4,0,24,0,46,1,11.50,7,5,2,3,0
41,CSK vs PK,PK,Rahul Chahar,4,0,24,0,35,1,8.75,7,2,2,0,0
41,CSK vs PK,PK,Raza,3,0,18,0,31,1,10.33,6,4,1,0,0
41,CSK vs PK,PK,Livingstone,1,0,6,0,16,0,16.00,0,3,0,0,0
41,CSK vs PK,CSK,Akash Singh,3,0,18,0,35,0,11.66,4,3,2,1,0
41,CSK vs PK,CSK,Tushar Deshpande,4,0,24,0,49,3,12.25,10,3,4,2,0
41,CSK vs PK,CSK,Maheesh Theekshana,4,0,24,0,36,0,9.00,5,4,0,1,0
41,CSK vs PK,CSK,Ravindra Jadeja,4,0,24,0,32,2,8.00,8,1,2,0,0
41,CSK vs PK,CSK,Moeen Ali,1,0,6,0,10,0,10.00,2,0,1,0,0
41,CSK vs PK,CSK,Matheesha Pathirana,4,0,24,0,32,1,8.00,6,2,0,1,0
42,RR vs MI,MI,Green,3,0,18,0,31,0,10.33,10,2,2,4,0
42,RR vs MI,MI,Jofra Archer,4,0,24,0,35,1,8.75,16,2,3,3,1
42,RR vs MI,MI,Riley Meredith,4,0,24,0,51,1,12.75,7,9,1,2,0
42,RR vs MI,MI,Chawla,4,0,24,0,34,2,8.50,11,2,3,0,0
42,RR vs MI,MI,Kumar Kartikeya,2,0,12,0,14,0,7.00,6,1,1,0,0
42,RR vs MI,MI,Arshad Khan,3,0,18,0,39,3,13.00,5,4,2,3,0
42,RR vs MI,RR,Trent Boult,4,0,24,0,43,1,10.75,8,7,0,2,0
42,RR vs MI,RR,Sandeep Sharma,4,0,24,0,35,1,8.75,5,3,1,2,0
42,RR vs MI,RR,Ravichandran Ashwin,4,0,24,0,27,2,6.75,8,0,2,1,0
42,RR vs MI,RR,Yuzvendra Chahal,3,0,18,0,32,0,10.66,5,3,2,0,0
42,RR vs MI,RR,Jason Holder,3,3,21,0,55,0,15.71,4,5,4,2,0
42,RR vs MI,RR,Kuldeep Sen,1,0,6,0,20,0,20.00,2,3,1,0,1
43,RCB vs LSG,LSG,Krunal Pandya,4,0,24,0,21,0,5.25,8,1,0,0,0
43,RCB vs LSG,LSG,Stoinis,1,0,6,0,11,0,11.00,0,1,0,0,0
43,RCB vs LSG,LSG,Naveen-ul-Haq,4,0,24,0,30,3,7.50,8,3,1,0,0
43,RCB vs LSG,LSG,Ravi Bishnoi,4,0,24,0,21,2,5.25,7,0,0,0,0
43,RCB vs LSG,LSG,Amit Mishra,3,0,18,0,21,2,7.00,4,0,1,0,0
43,RCB vs LSG,LSG,Yash Thakur,2,0,12,0,12,0,6.00,6,1,0,2,0
43,RCB vs LSG,LSG,K Gowtham,2,0,12,0,10,1,5.00,5,0,0,0,0
43,RCB vs LSG,RCB,Mohammed Siraj,3,0,18,0,24,1,8.00,11,4,0,3,1
43,RCB vs LSG,RCB,Josh Hazlewood,3,0,18,0,15,2,5.00,13,1,1,0,1
43,RCB vs LSG,RCB,Glenn Maxwell,1,0,6,0,3,1,3.00,3,0,0,0,0
43,RCB vs LSG,RCB,Wanindu Hasaranga,4,0,24,0,20,1,5.00,14,0,2,0,0
43,RCB vs LSG,RCB,Karn Sharma,4,0,24,0,20,2,5.00,12,1,1,0,0
43,RCB vs LSG,RCB,Harshal Patel,3,5,23,0,20,1,5.21,9,2,0,0,0
43,RCB vs LSG,RCB,Mahipal Lomror,1,0,6,0,4,0,4.00,2,0,0,0,0
44,DC vs GT,GT,Shami,4,0,24,0,11,4,2.75,19,1,0,0,0
44,DC vs GT,GT,Hardik Pandya (c),1,0,6,0,10,0,10.00,3,2,0,0,1
44,DC vs GT,GT,Joshua Little,3,0,18,0,27,0,9.00,6,4,0,0,0
44,DC vs GT,GT,Rashid Khan,4,0,24,0,28,1,7.00,12,0,3,1,0
44,DC vs GT,GT,Noor Ahmad,4,0,24,0,20,0,5.00,11,1,0,2,0
44,DC vs GT,GT,Mohit Sharma,4,0,24,0,33,2,8.25,7,1,2,0,0
44,DC vs GT,DC,Khaleel Ahmed,4,0,24,1,24,2,6.00,12,4,0,0,0
44,DC vs GT,DC,Ishant Sharma,4,0,24,0,23,2,5.75,12,2,0,1,0
44,DC vs GT,DC,Anrich Nortje,4,0,24,0,39,1,9.75,11,2,3,2,0
44,DC vs GT,DC,Kuldeep Yadav,4,0,24,0,15,1,3.75,9,0,0,0,0
44,DC vs GT,DC,Axar Patel,4,0,24,0,24,0,6.00,10,1,1,1,0
45,LSG vs CSK,CSK,Deepak Chahar,4,0,24,0,41,0,10.25,9,4,2,0,0
45,LSG vs CSK,CSK,Tushar Deshpande,1,0,6,0,1,0,1.00,5,0,0,0,0
45,LSG vs CSK,CSK,Moeen Ali,4,0,24,0,13,2,3.25,11,0,0,0,0
45,LSG vs CSK,CSK,Maheesh Theekshana,4,0,24,0,37,2,9.25,7,2,2,0,0
45,LSG vs CSK,CSK,Ravindra Jadeja,3,0,18,0,11,1,3.66,8,0,0,0,0
45,LSG vs CSK,CSK,Matheesha Pathirana,3,2,20,0,22,2,6.60,7,0,0,2,0
46,PK vs MI,MI,Green,2,0,12,0,15,0,7.50,7,2,0,0,0
46,PK vs MI,MI,Arshad Khan,4,0,24,0,48,1,12.00,9,7,2,1,0
46,PK vs MI,MI,Jofra Archer,4,0,24,0,56,0,14.00,4,4,3,2,1
46,PK vs MI,MI,Chawla,4,0,24,0,29,2,7.25,7,4,0,0,0
46,PK vs MI,MI,Kumar Kartikeya,3,0,18,0,24,0,8.00,3,0,1,3,0
46,PK vs MI,MI,Akash Madhwal,3,0,18,0,37,0,12.33,1,3,1,0,1
46,PK vs MI,PK,Rishi Dhawan,3,0,18,0,20,1,6.66,11,1,2,0,0
46,PK vs MI,PK,Arshdeep Singh,3,5,23,0,66,1,17.21,4,8,4,2,0
46,PK vs MI,PK,Sam Curran,3,0,18,0,41,0,13.66,3,5,2,1,0
46,PK vs MI,PK,Nathan Ellis,4,0,24,0,34,2,8.50,4,3,0,0,0
46,PK vs MI,PK,Rahul Chahar,3,0,18,0,30,0,10.00,5,5,0,0,0
46,PK vs MI,PK,Harpreet Brar,2,0,12,0,21,0,10.50,1,1,1,0,0
47,KKR vs SRH,SRH,Bhuvneshwar,4,0,24,0,33,1,8.25,12,6,0,1,0
47,KKR vs SRH,SRH,Marco Jansen,3,0,18,0,24,2,8.00,7,3,0,0,1
47,KKR vs SRH,SRH,Kartik Tyagi,2,0,12,0,30,1,15.00,5,3,2,2,1
47,KKR vs SRH,SRH,Markram (c),3,0,18,0,24,1,8.00,5,2,1,0,0
47,KKR vs SRH,SRH,T Natarajan,4,0,24,0,30,2,7.50,9,1,1,2,0
47,KKR vs SRH,SRH,Markande,4,0,24,0,29,1,7.25,8,1,2,0,0
47,KKR vs SRH,KKR,Harshit Rana,4,0,24,0,27,1,6.75,13,1,2,2,0
47,KKR vs SRH,KKR,Vaibhav Arora,3,0,18,0,32,2,10.66,6,5,0,1,2
47,KKR vs SRH,KKR,Shardul Thakur,3,0,18,0,23,2,7.66,6,3,0,0,0
47,KKR vs SRH,KKR,Andre Russell,1,0,6,0,15,1,15.00,4,2,1,0,1
47,KKR vs SRH,KKR,Anukul Roy,3,0,18,0,26,1,8.66,6,1,2,1,0
47,KKR vs SRH,KKR,Sunil Narine,2,0,12,0,16,0,8.00,1,1,0,0,0
47,KKR vs SRH,KKR,Varun Chakaravarthy,4,0,24,0,20,1,5.00,12,2,0,0,0
48,RR vs GT,GT,Shami,4,0,24,0,27,1,6.75,13,2,1,2,0
48,RR vs GT,GT,Hardik Pandya (c),2,0,12,0,22,1,11.00,4,3,1,0,0
48,RR vs GT,GT,Rashid Khan,4,0,24,0,14,3,3.50,13,0,0,2,0
48,RR vs GT,GT,Joshua Little,4,0,24,0,24,1,6.00,7,2,0,0,0
48,RR vs GT,GT,Noor Ahmad,3,0,18,0,25,2,8.33,7,2,1,3,0
48,RR vs GT,GT,Mohit Sharma,0,5,5,0,5,0,6.00,0,0,0,0,0
48,RR vs GT,RR,Trent Boult,3,0,18,0,28,0,9.33,8,6,0,0,0
48,RR vs GT,RR,Sandeep Sharma,3,0,18,0,19,0,6.33,9,3,0,0,1
48,RR vs GT,RR,Adam Zampa,3,0,18,0,40,0,13.33,3,3,3,0,0
48,RR vs GT,RR,Yuzvendra Chahal,3,5,23,0,22,1,5.73,7,1,0,0,0
48,RR vs GT,RR,Ravichandran Ashwin,1,0,6,0,8,0,8.00,1,1,0,0,0
49,MI vs CSK,CSK,D Chahar,3,0,18,0,18,2,6.00,10,3,0,0,0
49,MI vs CSK,CSK,Tushar Deshpande,4,0,24,0,26,2,6.50,9,2,0,1,0
49,MI vs CSK,CSK,Ravindra Jadeja,4,0,24,0,37,1,9.25,5,5,0,1,0
49,MI vs CSK,CSK,Moeen,1,0,6,0,10,0,10.00,2,2,0,0,0
49,MI vs CSK,CSK,M Theekshana,4,0,24,0,28,0,7.00,11,3,1,0,0
49,MI vs CSK,CSK,Matheesha Pathirana,4,0,24,0,15,3,3.75,12,0,0,0,0
49,MI vs CSK,MI,Cameron Green,1,0,6,0,10,0,10.00,4,2,0,1,1
49,MI vs CSK,MI,Jofra Archer,4,0,24,0,24,0,6.00,11,3,0,1,0
49,MI vs CSK,MI,Arshad Khan,1,4,10,0,28,0,16.80,3,2,3,0,0
49,MI vs CSK,MI,Piyush Chawla,4,0,24,0,25,2,6.25,8,1,1,0,0
49,MI vs CSK,MI,Raghav Goyal,4,0,24,0,33,0,8.25,7,1,2,0,0
49,MI vs CSK,MI,Tristan Stubbs,2,0,12,0,14,1,7.00,3,0,1,0,0
49,MI vs CSK,MI,Akash Madhwal,1,0,6,0,4,1,4.00,2,0,0,0,0
50,RCB vs DC,DC,Khaleel Ahmed,4,0,24,0,45,1,11.25,7,3,3,1,0
50,RCB vs DC,DC,Axar,3,0,18,0,17,0,5.66,7,2,0,0,0
50,RCB vs DC,DC,Ishant,3,0,18,0,29,0,9.66,5,4,0,2,0
50,RCB vs DC,DC,Mukesh Kumar,3,0,18,0,30,1,10.00,6,5,0,1,0
50,RCB vs DC,DC,Mitchell Marsh,3,0,18,0,21,2,7.00,3,0,1,1,0
50,RCB vs DC,DC,Kuldeep Yadav,4,0,24,0,37,0,9.25,5,2,2,0,0
50,RCB vs DC,RCB,Mohammed Siraj,2,0,12,0,28,0,14.00,4,3,2,1,0
50,RCB vs DC,RCB,Glenn Maxwell,1,4,10,0,14,0,8.40,4,1,1,0,0
50,RCB vs DC,RCB,Josh Hazlewood,3,0,18,0,29,1,9.66,9,2,2,0,1
50,RCB vs DC,RCB,Wanindu Hasaranga,4,0,24,0,32,0,8.00,9,2,2,0,0
50,RCB vs DC,RCB,Karn Sharma,3,0,18,0,33,1,11.00,4,4,1,0,0
50,RCB vs DC,RCB,Mahipal Lomror,1,0,6,0,13,0,13.00,1,1,1,0,0
50,RCB vs DC,RCB,Harshal Patel,2,0,12,0,32,1,16.00,4,2,3,1,0
51,GT vs LSG,LSG,Mohsin Khan,3,0,18,0,42,1,14.00,4,5,2,2,0
51,GT vs LSG,LSG,Avesh Khan,4,0,24,0,34,1,8.50,8,2,2,0,0
51,GT vs LSG,LSG,Krunal Pandya (c),4,0,24,0,38,0,9.50,5,2,2,0,0
51,GT vs LSG,LSG,Yash Thakur,4,0,24,0,48,0,12.00,4,2,4,1,0
51,GT vs LSG,LSG,Ravi Bishnoi,2,0,12,0,21,0,10.50,2,0,2,1,0
51,GT vs LSG,LSG,K Mayers,1,0,6,0,16,0,16.00,1,3,0,0,1
51,GT vs LSG,LSG,Swapnil Singh,1,0,6,0,7,0,7.00,1,0,0,0,0
51,GT vs LSG,LSG,Stoinis,1,0,6,0,20,0,20.00,0,1,2,0,0
51,GT vs LSG,GT,Mohammed Shami,4,0,24,0,37,1,9.25,9,3,2,1,0
51,GT vs LSG,GT,Hardik Pandya (c),3,0,18,0,37,0,12.33,6,6,1,2,0
51,GT vs LSG,GT,Rashid Khan,4,0,24,0,34,1,8.50,6,1,2,0,0
51,GT vs LSG,GT,Noor Ahmad,4,0,24,0,26,1,6.50,11,4,0,1,0
51,GT vs LSG,GT,Mohit Sharma,4,0,24,0,29,4,7.25,9,1,2,1,0
51,GT vs LSG,GT,Alzarri Joseph,1,0,6,0,5,0,5.00,4,1,0,0,0
52,RR vs SRH,SRH,Bhuvneshwar,4,0,24,0,44,1,11.00,7,6,1,2,0
52,RR vs SRH,SRH,Marco Jansen,4,0,24,0,44,1,11.00,5,6,1,1,0
52,RR vs SRH,SRH,T Natarajan,4,0,24,0,36,0,9.00,8,4,1,1,0
52,RR vs SRH,SRH,Markande,4,0,24,0,51,0,12.75,7,1,6,0,0
52,RR vs SRH,SRH,Abhishek Sharma,2,0,12,0,15,0,7.50,5,1,1,0,0
52,RR vs SRH,SRH,Vivrant Sharma,2,0,12,0,18,0,9.00,4,1,1,1,0
52,RR vs SRH,RR,Sandeep Sharma,4,0,24,0,48,0,12.00,5,5,2,0,1
52,RR vs SRH,RR,Kuldip Yadav,4,0,24,0,50,1,12.50,5,2,4,0,0
52,RR vs SRH,RR,Ravichandran Ashwin,4,0,24,0,35,1,8.75,5,2,1,3,0
52,RR vs SRH,RR,Yuzvendra Chahal,4,0,24,0,29,4,7.25,11,3,1,0,0
52,RR vs SRH,RR,Murugan Ashwin,3,0,18,0,42,0,14.00,3,2,4,0,0
52,RR vs SRH,RR,Obed McCoy,1,0,6,0,13,0,13.00,2,1,1,1,0
53,PK vs KKR,KKR,Vaibhav Arora,3,0,18,0,32,0,10.66,8,7,0,1,0
53,PK vs KKR,KKR,Harshit Rana,3,0,18,0,33,2,11.00,9,4,2,0,1
53,PK vs KKR,KKR,Russell,1,0,6,0,19,0,19.00,1,4,0,0,1
53,PK vs KKR,KKR,Chakaravarthy,4,0,24,0,26,3,6.50,11,2,1,1,0
53,PK vs KKR,KKR,Suyash Sharma,4,0,24,0,26,1,6.50,12,1,2,1,0
53,PK vs KKR,KKR,Narine,4,0,24,0,29,0,7.25,9,2,1,1,0
53,PK vs KKR,KKR,Nitish Rana (c),1,0,6,0,7,1,7.00,3,1,0,0,0
53,PK vs KKR,PK,Rishi Dhawan,2,0,12,0,15,0,7.50,5,2,0,0,0
53,PK vs KKR,PK,Arshdeep Singh,4,0,24,0,39,0,9.75,10,6,1,1,0
53,PK vs KKR,PK,Nathan Ellis,4,0,24,0,29,1,7.25,7,2,1,0,0
53,PK vs KKR,PK,Sam Curran,3,0,18,0,44,0,14.66,5,5,3,1,0
53,PK vs KKR,PK,Liam Livingstone,2,0,12,0,27,0,13.50,2,4,1,0,0
53,PK vs KKR,PK,Harpreet Brar,1,0,6,0,4,1,4.00,2,0,0,0,0
53,PK vs KKR,PK,Rahul Chahar,4,0,24,0,23,2,5.75,8,1,0,1,0
54,RCB vs MI,MI,Behrendorff,4,0,24,0,36,3,9.00,9,5,1,0,0
54,RCB vs MI,MI,Chawla,4,0,24,0,41,0,10.25,8,5,2,0,0
54,RCB vs MI,MI,Green,2,0,12,0,15,1,7.50,6,3,0,0,0
54,RCB vs MI,MI,Chris Jordan,4,0,24,0,48,1,12.00,7,4,3,1,0
54,RCB vs MI,MI,Kumar Kartikeya,4,0,24,0,35,1,8.75,6,3,1,1,0
54,RCB vs MI,MI,Akash Madhwal,2,0,12,0,23,0,11.50,1,1,1,0,1
54,RCB vs MI,RCB,Mohammed Siraj,3,0,18,0,31,0,10.33,10,2,3,1,0
54,RCB vs MI,RCB,Josh Hazlewood,3,0,18,0,32,0,10.66,7,5,1,1,0
54,RCB vs MI,RCB,Wanindu Hasaranga,4,0,24,0,53,2,13.25,5,2,5,1,0
54,RCB vs MI,RCB,Vijaykumar Vyshak,3,0,18,0,37,2,12.33,7,2,3,1,1
54,RCB vs MI,RCB,Harshal Patel,3,3,21,0,41,0,11.71,3,5,1,1,1
55,CSK vs DC,DC,Khaleel Ahmed,4,0,24,0,32,1,8.00,9,1,2,2,0
55,CSK vs DC,DC,Ishant,2,0,12,0,23,0,11.50,4,4,0,2,0
55,CSK vs DC,DC,Lalit Yadav,3,0,18,0,34,1,11.33,6,2,3,0,0
55,CSK vs DC,DC,Axar,4,0,24,0,27,2,6.75,8,2,1,0,0
55,CSK vs DC,DC,Kuldeep Yadav,4,0,24,0,28,1,7.00,6,0,1,3,0
55,CSK vs DC,DC,Mitchell Marsh,3,0,18,0,18,3,6.00,7,1,0,3,0
55,CSK vs DC,CSK,Deepak Chahar,3,0,18,0,28,2,9.33,10,3,2,1,0
55,CSK vs DC,CSK,Tushar Deshpande,3,0,18,0,18,0,6.00,9,1,1,0,0
55,CSK vs DC,CSK,Maheesh Theekshana,2,0,12,0,16,0,8.00,2,0,1,0,0
55,CSK vs DC,CSK,Ravindra Jadeja,4,0,24,0,19,1,4.75,10,1,0,0,0
55,CSK vs DC,CSK,Moeen Ali,4,0,24,0,16,0,4.00,13,0,1,0,0
55,CSK vs DC,CSK,Matheesha Pathirana,4,0,24,0,37,3,9.25,11,5,1,4,0
56,KKR vs RR,RR,Boult,3,0,18,0,15,2,5.00,13,2,0,0,0
56,KKR vs RR,RR,Sandeep Sharma,4,0,24,0,34,1,8.50,12,2,3,0,0
56,KKR vs RR,RR,Ashwin,4,0,24,0,32,0,8.00,6,1,2,0,0
56,KKR vs RR,RR,Root,2,0,12,0,14,0,7.00,2,1,0,0,0
56,KKR vs RR,RR,Chahal,4,0,24,0,25,4,6.25,11,2,1,0,0
56,KKR vs RR,RR,KM Asif,3,0,18,0,27,1,9.00,4,0,2,1,0
56,KKR vs RR,KKR,Nitish Rana (c),1,0,6,0,26,0,26.00,0,3,2,0,0
56,KKR vs RR,KKR,Harshit Rana,2,0,12,0,22,0,11.00,6,2,1,2,0
56,KKR vs RR,KKR,Shardul Thakur,1,1,7,0,18,0,15.42,1,4,0,0,0
56,KKR vs RR,KKR,Varun Chakaravarthy,3,0,18,0,28,0,9.33,10,3,2,1,0
56,KKR vs RR,KKR,Sunil Narine,2,0,12,0,13,0,6.50,5,0,1,0,0
56,KKR vs RR,KKR,Suyash Sharma,3,0,18,0,22,0,7.33,7,2,1,0,0
56,KKR vs RR,KKR,Anukul Roy,1,0,6,0,20,0,20.00,1,0,3,0,0
57,MI vs GT,GT,Shami,4,0,24,0,53,0,13.25,9,5,4,0,0
57,MI vs GT,GT,Mohit Sharma,4,0,24,0,43,1,10.75,10,6,2,0,0
57,MI vs GT,GT,Rashid Khan,4,0,24,0,30,4,7.50,10,5,0,0,0
57,MI vs GT,GT,Noor Ahmad,4,0,24,0,38,0,9.50,7,4,1,0,0
57,MI vs GT,GT,Alzarri Joseph,4,0,24,0,52,0,13.00,5,2,5,0,0
57,MI vs GT,MI,Jason Behrendorff,4,0,24,0,37,1,9.25,8,5,1,1,0
57,MI vs GT,MI,Akash Madhwal,4,0,24,0,31,3,7.75,11,4,1,0,0
57,MI vs GT,MI,Chris Jordan,4,0,24,0,34,0,8.50,9,3,2,0,0
57,MI vs GT,MI,Piyush Chawla,4,0,24,0,36,2,9.00,7,4,1,0,0
57,MI vs GT,MI,Kumar Kartikeya,3,0,18,0,37,2,12.33,8,0,5,2,0
57,MI vs GT,MI,Cameron Green,1,0,6,0,13,0,13.00,3,0,2,0,0
58,SRH vs LSG,LSG,Yudhvir Singh,3,0,18,0,24,1,8.00,8,4,0,1,0
58,SRH vs LSG,LSG,K Mayers,1,0,6,0,11,0,11.00,3,2,0,0,1
58,SRH vs LSG,LSG,Krunal Pandya (c),4,0,24,0,24,2,6.00,12,2,1,0,0
58,SRH vs LSG,LSG,Avesh Khan,2,0,12,0,30,1,15.00,2,5,1,0,0
58,SRH vs LSG,LSG,Yash Thakur,4,0,24,0,28,1,7.00,11,1,2,0,0
58,SRH vs LSG,LSG,Amit Mishra,4,0,24,0,40,1,10.00,8,2,3,1,0
58,SRH vs LSG,LSG,Ravi Bishnoi,2,0,12,0,23,0,11.50,1,2,1,0,0
58,SRH vs LSG,SRH,Bhuvneshwar Kumar,4,0,24,0,30,0,7.50,8,3,1,0,0
58,SRH vs LSG,SRH,Fazalhaq Farooqi,3,2,20,0,32,0,9.60,8,5,0,4,0
58,SRH vs LSG,SRH,Glenn Phillips,2,0,12,0,10,1,5.00,5,1,0,0,0
58,SRH vs LSG,SRH,T Natarajan,4,0,24,0,31,0,7.75,8,1,2,0,0
58,SRH vs LSG,SRH,Mayank Markande,3,0,18,0,39,1,13.00,2,4,2,0,0
58,SRH vs LSG,SRH,Abhishek Sharma,3,0,18,0,42,1,14.00,6,1,5,1,0
59,PK vs DC,DC,Khaleel Ahmed,4,0,24,0,36,0,9.00,11,4,1,3,0
59,PK vs DC,DC,Ishant,3,0,18,0,27,2,9.00,8,4,1,0,0
59,PK vs DC,DC,Axar,4,0,24,0,27,1,6.75,12,1,1,2,0
59,PK vs DC,DC,Praveen Dubey,3,0,18,0,19,1,6.33,8,1,1,1,0
59,PK vs DC,DC,Kuldeep Yadav,4,0,24,0,32,1,8.00,9,2,2,0,0
59,PK vs DC,DC,Mitchell Marsh,1,0,6,0,21,0,21.00,0,1,2,1,0
59,PK vs DC,DC,Mukesh Kumar,1,0,6,0,3,1,3.00,3,0,0,0,0
59,PK vs DC,PK,Rishi Dhawan,1,0,6,0,10,0,10.00,2,2,0,0,0
59,PK vs DC,PK,Sam Curran,2,0,12,0,18,0,9.00,4,3,0,0,0
59,PK vs DC,PK,Harpreet Brar,4,0,24,0,30,4,7.50,11,5,0,1,0
59,PK vs DC,PK,Nathan Ellis,4,0,24,0,26,2,6.50,6,2,0,1,0
59,PK vs DC,PK,Arshdeep Singh,4,0,24,0,32,0,8.00,8,2,2,0,0
59,PK vs DC,PK,Rahul Chahar,4,0,24,0,16,2,4.00,18,3,0,1,0
59,PK vs DC,PK,Sikandar Raza,1,0,6,0,3,0,3.00,3,0,0,0,0
60,RCB vs RR,RR,Sandeep Sharma,4,0,24,0,34,1,8.50,4,4,0,1,0
60,RCB vs RR,RR,Zampa,4,0,24,0,25,2,6.25,10,2,1,0,0
60,RCB vs RR,RR,Chahal,4,0,24,0,37,0,9.25,4,3,1,1,0
60,RCB vs RR,RR,Ashwin,4,0,24,0,33,0,8.25,5,1,2,1,0
60,RCB vs RR,RR,KM Asif,4,0,24,0,42,2,10.50,8,2,3,1,0
60,RCB vs RR,RCB,Mohammed Siraj,2,0,12,0,10,1,5.00,9,2,0,1,0
60,RCB vs RR,RCB,Wayne Parnell,3,0,18,0,10,3,3.33,12,1,0,1,0
60,RCB vs RR,RCB,Michael Bracewell,3,0,18,0,16,2,5.33,10,1,1,0,0
60,RCB vs RR,RCB,Karn Sharma,1,3,9,0,19,2,12.66,5,0,3,0,0
60,RCB vs RR,RCB,Glenn Maxwell,1,0,6,0,3,1,3.00,4,0,0,0,0
61,CSK vs KKR,KKR,Vaibhav Arora,4,0,24,0,30,1,7.50,7,2,0,1,1
61,CSK vs KKR,KKR,Harshit Rana,2,0,12,0,19,0,9.50,5,2,1,0,0
61,CSK vs KKR,KKR,Chakaravarthy,4,0,24,0,36,2,9.00,5,2,1,1,0
61,CSK vs KKR,KKR,Narine,4,0,24,0,15,2,3.75,10,0,0,0,0
61,CSK vs KKR,KKR,Thakur,3,0,18,0,15,1,5.00,7,1,0,1,0
61,CSK vs KKR,KKR,Suyash Sharma,3,0,18,0,29,0,9.66,6,0,3,0,1
61,CSK vs KKR,CSK,Deepak Chahar,3,0,18,0,27,3,9.00,7,3,1,2,0
61,CSK vs KKR,CSK,Tushar Deshpande,3,3,21,0,25,0,7.14,11,2,1,2,0
61,CSK vs KKR,CSK,Moeen Ali,4,0,24,0,31,0,7.75,8,5,0,0,0
61,CSK vs KKR,CSK,Maheesh Theekshana,3,0,18,0,22,0,7.33,3,2,0,0,0
61,CSK vs KKR,CSK,Matheesha Pathirana,3,0,18,0,23,0,7.66,8,1,0,2,1
61,CSK vs KKR,CSK,Ravindra Jadeja,2,0,12,0,18,0,9.00,4,0,2,0,0
62,GT vs SRH,SRH,Bhuvneshwar,4,0,24,0,30,5,7.50,11,4,0,0,0
62,GT vs SRH,SRH,Marco Jansen,4,0,24,0,39,1,9.75,11,3,1,4,2
62,GT vs SRH,SRH,Fazalhaq Farooqi,3,0,18,0,31,1,10.33,3,4,0,1,0
62,GT vs SRH,SRH,T Natarajan,4,0,24,0,34,1,8.50,4,4,0,0,0
62,GT vs SRH,SRH,Markram (c),1,0,6,0,13,0,13.00,0,2,0,0,0
62,GT vs SRH,SRH,Markande,3,0,18,0,27,0,9.00,3,4,0,0,0
62,GT vs SRH,SRH,Abhishek Sharma,1,0,6,0,13,0,13.00,2,1,1,1,0
62,GT vs SRH,GT,Mohammed Shami,4,0,24,0,21,4,5.25,13,1,1,0,0
62,GT vs SRH,GT,Yash Dayal,4,0,24,0,31,1,7.75,11,4,0,4,0
62,GT vs SRH,GT,Rashid Khan,4,0,24,0,28,0,7.00,6,1,1,0,0
62,GT vs SRH,GT,Mohit Sharma,4,0,24,0,28,4,7.00,12,3,1,0,0
62,GT vs SRH,GT,Noor Ahmad,2,5,17,0,35,0,12.35,3,3,2,1,0
62,GT vs SRH,GT,Rahul Tewatia,1,1,7,0,7,0,6.00,3,1,0,0,0
63,LSG vs MI,MI,Behrendorff,4,0,24,0,30,2,7.50,9,0,2,1,0
63,LSG vs MI,MI,Chris Jordan,4,0,24,0,50,0,12.50,7,3,4,2,0
63,LSG vs MI,MI,Hrithik Shokeen,3,0,18,0,20,0,6.66,9,1,1,0,0
63,LSG vs MI,MI,Chawla,3,0,18,0,26,1,8.66,5,0,2,0,0
63,LSG vs MI,MI,Akash Madhwal,4,0,24,0,30,0,7.50,7,1,1,2,0
63,LSG vs MI,MI,Green,2,0,12,0,16,0,8.00,5,1,1,0,0
63,LSG vs MI,LSG,Krunal Pandya (c),4,0,24,0,27,0,6.75,10,4,0,0,0
63,LSG vs MI,LSG,Mohsin Khan,3,0,18,0,26,1,8.66,8,1,2,2,0
63,LSG vs MI,LSG,Naveen-ul-Haq,4,0,24,0,37,0,9.25,8,1,3,0,1
63,LSG vs MI,LSG,Yash Thakur,4,0,24,0,40,2,10.00,9,2,2,5,1
63,LSG vs MI,LSG,Swapnil Singh,1,0,6,0,11,0,11.00,1,2,0,0,0
63,LSG vs MI,LSG,Ravi Bishnoi,4,0,24,0,26,2,6.50,9,2,0,1,0
64,DC vs PK,PK,Sam Curran,4,0,24,0,36,2,9.00,9,4,1,1,0
64,DC vs PK,PK,Rabada,3,0,18,0,36,0,12.00,8,2,4,0,0
64,DC vs PK,PK,Arshdeep Singh,2,0,12,0,21,0,10.50,4,2,1,2,0
64,DC vs PK,PK,Nathan Ellis,4,0,24,0,46,0,11.50,6,5,2,0,0
64,DC vs PK,PK,Rahul Chahar,4,0,24,0,35,0,8.75,7,4,1,0,0
64,DC vs PK,PK,Harpreet Brar,3,0,18,0,39,0,13.00,2,3,2,2,0
64,DC vs PK,DC,Khaleel Ahmed,3,0,18,1,20,1,6.66,14,1,2,0,1
64,DC vs PK,DC,Ishant Sharma,3,0,18,0,36,2,12.00,10,5,2,0,1
64,DC vs PK,DC,Anrich Nortje,4,0,24,0,36,2,9.00,11,2,3,0,0
64,DC vs PK,DC,Mukesh Kumar,4,0,24,0,52,0,13.00,8,3,5,1,0
64,DC vs PK,DC,Axar Patel,3,0,18,0,27,1,9.00,3,4,0,0,0
64,DC vs PK,DC,Kuldeep Yadav,3,0,18,0,21,0,7.00,4,0,1,1,0
65,SRH vs RCB,RCB,Siraj,4,0,24,0,17,1,4.25,16,2,0,2,0
65,SRH vs RCB,RCB,Parnell,4,0,24,0,35,0,8.75,5,3,1,0,0
65,SRH vs RCB,RCB,M Bracewell,2,0,12,0,13,2,6.50,5,2,0,0,0
65,SRH vs RCB,RCB,Shahbaz Ahmed,3,0,18,0,38,1,12.66,4,4,2,0,0
65,SRH vs RCB,RCB,Harshal Patel,4,0,24,0,37,1,9.25,4,3,1,1,0
65,SRH vs RCB,RCB,Karn Sharma,3,0,18,0,45,0,15.00,0,1,4,1,0
65,SRH vs RCB,SRH,Bhuvneshwar Kumar,4,0,24,0,48,1,12.00,10,7,2,1,0
65,SRH vs RCB,SRH,Abhishek Sharma,3,0,18,0,28,0,9.33,5,3,1,1,0
65,SRH vs RCB,SRH,T Natarajan,4,0,24,0,34,1,8.50,6,3,1,1,0
65,SRH vs RCB,SRH,Kartik Tyagi,1,2,8,0,21,0,15.75,1,4,0,1,0
65,SRH vs RCB,SRH,Nitish Reddy,2,0,12,0,19,0,9.50,3,1,1,0,1
65,SRH vs RCB,SRH,Mayank Dagar,4,0,24,0,25,0,6.25,8,1,1,0,0
65,SRH vs RCB,SRH,Glenn Phillips,1,0,6,0,10,0,10.00,1,1,0,0,0
66,PK vs RR,RR,Boult,4,0,24,0,35,1,8.75,12,3,2,1,0
66,PK vs RR,RR,Sandeep Sharma,4,0,24,0,46,0,11.50,6,3,3,2,1
66,PK vs RR,RR,Navdeep Saini,4,0,24,0,40,3,10.00,9,6,1,1,0
66,PK vs RR,RR,Zampa,4,0,24,0,26,1,6.50,6,2,0,0,0
66,PK vs RR,RR,Chahal,4,0,24,0,40,0,10.00,9,3,3,1,0
66,PK vs RR,PK,Sam Curran,4,0,24,0,46,1,11.50,9,8,1,2,0
66,PK vs RR,PK,Kagiso Rabada,4,0,24,0,40,2,10.00,12,2,4,1,1
66,PK vs RR,PK,Arshdeep Singh,4,0,24,0,40,1,10.00,11,4,2,3,0
66,PK vs RR,PK,Nathan Ellis,4,0,24,0,34,1,8.50,8,3,1,1,0
66,PK vs RR,PK,Rahul Chahar,3,4,22,0,28,1,7.63,5,1,1,0,0
67,CSK vs DC,DC,Khaleel Ahmed,4,0,24,0,45,1,11.25,9,4,3,2,1
67,CSK vs DC,DC,Lalit Yadav,2,0,12,0,32,0,16.00,1,3,2,2,0
67,CSK vs DC,DC,Axar,3,0,18,0,32,0,10.66,3,0,3,0,0
67,CSK vs DC,DC,Nortje,4,0,24,0,43,1,10.75,8,4,3,0,0
67,CSK vs DC,DC,Chetan Sakariya,4,0,24,0,36,1,9.00,9,5,0,3,1
67,CSK vs DC,DC,Kuldeep Yadav,3,0,18,0,34,0,11.33,2,1,3,0,0
67,CSK vs DC,CSK,Deepak Chahar,4,0,24,0,22,3,5.50,14,2,1,0,0
67,CSK vs DC,CSK,Tushar Deshpande,4,0,24,0,26,1,6.50,12,4,0,1,0
67,CSK vs DC,CSK,Maheesh Theekshana,4,0,24,1,23,2,5.75,11,1,1,0,0
67,CSK vs DC,CSK,Ravindra Jadeja,4,0,24,0,50,1,12.50,4,3,4,1,0
67,CSK vs DC,CSK,Matheesha Pathirana,4,0,24,0,22,2,5.50,11,1,0,5,0
68,LSG vs KKR,KKR,Harshit Rana,3,0,18,0,21,1,7.00,11,3,1,0,0
68,LSG vs KKR,KKR,Vaibhav Arora,4,0,24,0,30,2,7.50,9,1,1,3,1
68,LSG vs KKR,KKR,Chakaravarthy,4,0,24,0,38,1,9.50,10,4,2,0,0
68,LSG vs KKR,KKR,Nitish Rana (c),1,0,6,0,3,0,3.00,4,0,0,0,0
68,LSG vs KKR,KKR,Thakur,2,0,12,0,27,2,13.50,3,0,3,1,1
68,LSG vs KKR,KKR,Narine,4,0,24,0,28,2,7.00,8,2,1,1,0
68,LSG vs KKR,KKR,Suyash Sharma,1,0,6,0,12,0,12.00,2,1,1,0,0
68,LSG vs KKR,KKR,Russell,1,0,6,0,12,0,12.00,2,1,1,0,0
68,LSG vs KKR,LSG,Mohsin Khan,1,0,6,0,15,0,15.00,2,2,1,0,0
68,LSG vs KKR,LSG,Naveen-ul-Haq,4,0,24,0,46,0,11.50,8,6,2,0,0
68,LSG vs KKR,LSG,Krunal Pandya (c),4,0,24,0,30,1,7.50,9,5,0,0,0
68,LSG vs KKR,LSG,Krishnappa Gowtham,4,0,24,0,26,1,6.50,9,2,0,2,0
68,LSG vs KKR,LSG,Ravi Bishnoi,4,0,24,0,23,2,5.75,10,1,1,0,0
68,LSG vs KKR,LSG,Yash Thakur,3,0,18,0,31,2,10.33,9,1,3,3,0
69,SRH vs MI,MI,Behrendorff,3,0,18,0,36,0,12.00,7,4,2,3,0
69,SRH vs MI,MI,Green,1,0,6,0,2,0,2.00,4,0,0,0,0
69,SRH vs MI,MI,Chris Jordan,4,0,24,0,42,1,10.50,6,5,1,1,0
69,SRH vs MI,MI,Akash Madhwal,4,0,24,0,37,4,9.25,7,4,1,0,1
69,SRH vs MI,MI,Chawla,4,0,24,0,39,0,9.75,4,3,2,0,0
69,SRH vs MI,MI,Kumar Kartikeya,4,0,24,0,39,0,9.75,6,4,1,1,0
69,SRH vs MI,SRH,Bhuvneshwar Kumar,4,0,24,0,26,1,6.50,8,3,0,0,0
69,SRH vs MI,SRH,Nitish Reddy,3,0,18,0,35,0,11.66,7,1,4,0,0
69,SRH vs MI,SRH,Mayank Dagar,4,0,24,0,37,1,9.25,9,4,2,0,0
69,SRH vs MI,SRH,Kartik Tyagi,2,5,17,0,41,0,14.47,4,6,1,0,3
69,SRH vs MI,SRH,Umran Malik,3,0,18,0,41,0,13.66,3,7,1,0,0
69,SRH vs MI,SRH,Vivrant Sharma,1,0,6,0,19,0,19.00,1,0,2,1,1
69,SRH vs MI,SRH,Aiden Markram (c),0,1,1,0,1,0,6.00,0,0,0,0,0
70,RCB vs GT,GT,Shami,4,0,24,0,39,1,9.75,9,7,0,1,0
70,RCB vs GT,GT,Yash Dayal,4,0,24,0,39,1,9.75,7,5,1,0,0
70,RCB vs GT,GT,Rashid Khan,4,0,24,0,24,1,6.00,5,1,0,0,0
70,RCB vs GT,GT,Noor Ahmad,4,0,24,0,39,2,9.75,6,4,1,2,0
70,RCB vs GT,GT,Mohit Sharma,4,0,24,0,54,0,13.50,2,8,1,2,0
70,RCB vs GT,RCB,Mohammed Siraj,4,0,24,0,32,2,8.00,11,2,2,2,0
70,RCB vs GT,RCB,Wayne Parnell,3,1,19,0,42,0,13.26,7,6,2,1,1
70,RCB vs GT,RCB,Vijaykumar Vyshak,4,0,24,0,40,1,10.00,6,2,2,2,0
70,RCB vs GT,RCB,Himanshu Sharma,3,0,18,0,28,0,9.33,4,3,1,0,0
70,RCB vs GT,RCB,Harshal Patel,4,0,24,0,29,1,7.25,11,2,1,2,0
70,RCB vs GT,RCB,Michael Bracewell,1,0,6,0,16,0,16.00,2,0,2,0,0
Q1,CSK vs GT,GT,Shami,4,0,24,0,28,2,7.00,10,2,1,0,1
Q1,CSK vs GT,GT,Darshan Nalkande,4,0,24,0,44,1,11.00,9,4,2,0,1
Q1,CSK vs GT,GT,Rashid Khan,4,0,24,0,37,1,9.25,5,2,1,0,0
Q1,CSK vs GT,GT,Noor Ahmad,4,0,24,0,29,1,7.25,6,3,0,0,0
Q1,CSK vs GT,GT,Mohit Sharma,4,0,24,0,31,2,7.75,4,3,0,0,0
Q1,CSK vs GT,CSK,Deepak Chahar,4,0,24,0,29,2,7.25,10,2,1,3,0
Q1,CSK vs GT,CSK,Tushar Deshpande,4,0,24,0,43,1,10.75,11,6,2,2,0
Q1,CSK vs GT,CSK,Maheesh Theekshana,4,0,24,0,28,2,7.00,8,1,1,0,0
Q1,CSK vs GT,CSK,Ravindra Jadeja,4,0,24,0,18,2,4.50,12,2,0,0,0
Q1,CSK vs GT,CSK,Matheesha Pathirana,4,0,24,0,37,2,9.25,9,2,1,7,0
EL,MI vs LSG,LSG,Krunal Pandya (c),4,0,24,0,38,0,9.50,7,5,1,0,0
EL,MI vs LSG,LSG,K Gowtham,1,0,6,0,8,0,8.00,4,2,0,0,0
EL,MI vs LSG,LSG,Naveen-ul-Haq,4,0,24,0,38,4,9.50,10,3,2,3,0
EL,MI vs LSG,LSG,Yash Thakur,4,0,24,0,34,3,8.50,12,3,2,2,0
EL,MI vs LSG,LSG,Mohsin Khan,3,0,18,0,24,1,8.00,9,1,2,0,0
EL,MI vs LSG,LSG,Ravi Bishnoi,4,0,24,0,30,0,7.50,4,1,1,1,0
EL,MI vs LSG,MI,Jason Behrendorff,3,0,18,0,21,0,7.00,7,3,0,0,0
EL,MI vs LSG,MI,Akash Madhwal,3,3,21,0,5,5,1.42,17,0,0,0,0
EL,MI vs LSG,MI,Chris Jordan,2,0,12,1,7,1,3.50,9,1,0,0,0
EL,MI vs LSG,MI,Cameron Green,3,0,18,0,15,0,5.00,7,1,0,0,0
EL,MI vs LSG,MI,Hrithik Shokeen,1,0,6,0,18,0,18.00,1,2,1,1,0
EL,MI vs LSG,MI,Piyush Chawla,4,0,24,0,28,1,7.00,9,2,1,2,0
Q2,GT vs MI,MI,Behrendorff,4,0,24,0,28,0,7.00,8,4,0,0,0
Q2,GT vs MI,MI,Green,3,0,18,0,35,0,11.66,4,3,2,0,0
Q2,GT vs MI,MI,Akash Madhwal,4,0,24,0,52,1,13.00,7,3,4,0,2
Q2,GT vs MI,MI,Chris Jordan,4,0,24,0,56,0,14.00,6,6,3,4,0
Q2,GT vs MI,MI,Chawla,3,0,18,0,45,1,15.00,0,2,3,1,0
Q2,GT vs MI,MI,Kumar Kartikeya,2,0,12,0,15,0,7.50,2,0,1,0,0
Q2,GT vs MI,GT,Mohammed Shami,3,0,18,0,41,2,13.66,6,6,2,0,0
Q2,GT vs MI,GT,Hardik Pandya (c),2,0,12,0,24,0,12.00,4,3,1,1,0
Q2,GT vs MI,GT,Rashid Khan,4,0,24,0,33,2,8.25,8,5,0,1,0
Q2,GT vs MI,GT,Noor Ahmad,4,0,24,0,35,0,8.75,8,1,2,1,1
Q2,GT vs MI,GT,Joshua Little,3,0,18,0,26,1,8.66,6,2,1,1,0
Q2,GT vs MI,GT,Mohit Sharma,2,2,14,0,10,5,4.28,9,0,1,0,0
FI,CSK vs GT,CSK,D Chahar,4,0,24,0,38,1,9.50,5,3,1,0,0
FI,CSK vs GT,CSK,Tushar Deshpande,4,0,24,0,56,0,14.00,4,7,3,0,0
FI,CSK vs GT,CSK,M Theekshana,4,0,24,0,36,0,9.00,8,3,2,0,0
FI,CSK vs GT,CSK,Ravindra Jadeja,4,0,24,0,38,1,9.50,3,3,1,0,0
FI,CSK vs GT,CSK,Matheesha Pathirana,4,0,24,0,44,2,11.00,7,4,2,2,0
FI,CSK vs GT,GT,Mohammed Shami,3,0,18,0,29,0,9.66,5,4,0,0,0
FI,CSK vs GT,GT,Hardik Pandya (c),1,0,6,0,14,0,14.00,1,1,1,1,0
FI,CSK vs GT,GT,Rashid Khan,3,0,18,0,44,0,14.66,2,4,3,0,0
FI,CSK vs GT,GT,Noor Ahmad,3,0,18,0,17,2,5.66,6,0,0,3,0
FI,CSK vs GT,GT,Joshua Little,2,0,12,0,30,0,15.00,1,0,3,0,0
FI,CSK vs GT,GT,Mohit Sharma,3,0,18,0,36,3,12.00,4,2,3,0,0
